Instance,MD5,Doug Hains (disqualified),MIPSat,MIPSat,glue_bit,gluebit_lgl,GlucoRed,Nigma,Nigma-NoPB,Solver43a,Solver43b,forl,strangenight,relback,gluH,ZENN,SAT4J,CSHCapplLG,CSHCapplLC,Riss3g,satUZK,gluH_simp,BreakIDGlucose,ShatterGlucose,Lingeling,Lingeling,minipure,glucose,glueminisat,Riss3g,sattimeRelbackShr,RSeq
transport-transport-three-cities-sequential-14nodes-1000size-4degree-100mindistance-4trucks-14packages-2008seed.020-NOTKNOWN.cnf,5d1253e2dcc0e3e55992672756beadbc,5000.0,5000.0,2672.73,5000.0,5000.0,5000.0,5000.0,5000.0,3652.86,5000.0,2226.42,3021.38,5000.0,5000.0,5000.0,5000.0,5000.0,5000.0,3597.13,5000.0,4825.86,1972.06,1931.58,5000.0,5000.0,5000.0,5000.0,1538.4,3378.2,5000.0,5000.0
hitag2-8-60-0-0x880693399044612-25-SAT.cnf,aeee00b058006df18ef300029383e8fc,5000.0,5000.0,5000.0,5000.0,445.922,5000.0,5000.0,5000.0,5000.0,5000.0,5000.0,2933.45,5000.0,5000.0,5000.0,5000.0,5000.0,5000.0,5000.0,3789.06,5000.0,5000.0,5000.0,5000.0,1375.15,1683.5,5000.0,5000.0,5000.0,5000.0,5000.0
008.cnf,c3eb13d8aedb9b4ded99ace1c9b7c988,3945.58,5000.0,5000.0,5000.0,5000.0,5000.0,5000.0,5000.0,5000.0,5000.0,5000.0,5000.0,5000.0,5000.0,5000.0,5000.0,2512.73,2380.2,5000.0,5000.0,5000.0,5000.0,5000.0,2021.41,5000.0,5000.0,5000.0,5000.0,5000.0,5000.0,5000.0
slp-synthesis-aes-top26.cnf,7ecd2f8efd83504268f0a96fa44f6fe7,5000.0,5000.0,5000.0,5000.0,5000.0,5000.0,5000.0,5000.0,5000.0,5000.0,5000.0,5000.0,5000.0,5000.0,5000.0,5000.0,5000.0,5000.0,5000.0,3692.94,5000.0,5000.0,5000.0,5000.0,5000.0,5000.0,5000.0,5000.0,5000.0,5000.0,5000.0
aes_32_3_keyfind_1.cnf,278d646386a62d4f28f7fc390c5eab3e,2125.18,2630.34,4131.0,4115.95,5000.0,5000.0,5000.0,5000.0,5000.0,5000.0,5000.0,5000.0,5000.0,275.798,2378.42,5000.0,1957.49,5000.0,1269.94,48.1797,5000.0,738.137,739.489,1591.36,590.773,246.588,248.315,5000.0,573.874,51.2782,2059.71
transport-transport-city-sequential-35nodes-1000size-4degree-100mindistance-4trucks-14packages-2008seed.030-NOTKNOWN.cnf,fce318b20c1a474ab81b77594d3f6f99,5000.0,2305.12,3060.19,4206.27,481.085,3254.57,5000.0,4502.87,3597.85,1586.73,612.053,1325.11,1588.0,866.37,3391.66,5000.0,5000.0,5000.0,917.539,5000.0,1034.75,1203.27,1227.22,5000.0,3354.99,5000.0,1141.95,683.209,1565.54,5000.0,2191.81
transport-transport-three-cities-sequential-14nodes-1000size-4degree-100mindistance-4trucks-14packages-2008seed.030-NOTKNOWN.cnf,c6d3480970bb2819448dd0a800a3cf1c,5000.0,5000.0,5000.0,5000.0,5000.0,5000.0,5000.0,5000.0,5000.0,5000.0,4533.56,5000.0,5000.0,5000.0,5000.0,5000.0,5000.0,5000.0,5000.0,5000.0,5000.0,5000.0,5000.0,5000.0,5000.0,5000.0,5000.0,5000.0,2086.66,5000.0,5000.0
transport-transport-city-sequential-25nodes-1000size-3degree-100mindistance-3trucks-10packages-2008seed.060-SAT.cnf,0176f3dd09fed1b561c875e1d6538c8d,383.03,157.107,1696.9,114.147,368.868,1575.4,1795.78,327.645,229.689,405.117,858.005,5000.0,481.497,336.449,1588.49,5000.0,1088.41,5000.0,328.545,125.426,462.753,117.429,125.002,1950.5,261.113,5000.0,230.067,1880.8,276.974,5000.0,1310.83
transport-transport-two-cities-sequential-15nodes-1000size-3degree-100mindistance-3trucks-10packages-2008seed.040-SAT.cnf,74e0fa52e4789615985c73d0a8b105b4,841.345,658.054,949.915,291.878,279.128,1466.72,696.696,850.882,1231.66,287.386,933.887,525.182,448.207,387.191,114.947,5000.0,877.156,5000.0,71.9481,29.9544,341.951,421.431,421.935,4351.11,2435.87,5000.0,399.566,369.666,769.614,5000.0,1611.89
transport-transport-city-sequential-35nodes-1000size-4degree-100mindistance-4trucks-14packages-2008seed.040-NOTKNOWN.cnf,ce0d180356398dfbcfd2bbbb1cb3f9e5,1417.17,2359.35,5000.0,625.894,634.197,4140.52,5000.0,5000.0,4707.22,4644.18,5000.0,5000.0,1603.11,5000.0,5000.0,5000.0,3331.65,5000.0,801.457,5000.0,5000.0,4397.39,4450.15,5000.0,5000.0,5000.0,4309.41,3967.71,4723.81,5000.0,2199.2
openstacks-sequencedstrips-nonadl-nonnegated-os-sequencedstrips-p30_3.085-SAT.cnf,f7484730351dc4088fd78fcb35b09c62,251.708,385.565,892.773,17.5933,295.816,41.8096,32.772,361.51,38.8481,44.6702,91.1311,99.2759,48.8446,66.5729,41.3707,446.646,172.214,581.19,15.8076,10.2294,17.3854,176.706,27.3348,17.0894,26.458,5000.0,7.56685,34.4228,12.3601,5000.0,960.522
E02F20.cnf,3e5703cd522988fbb05dcac3c4dbbe9d,282.104,546.394,223.845,222.778,225.364,193.651,85.704,96.0904,113.66,217.702,310.762,414.546,18.2452,151.85,85.668,296.238,115.427,383.067,103.678,145.844,148.538,95.1925,97.1182,57.7492,730.872,63.0144,90.7282,76.0614,270.666,972.093,746.333
E02F22.cnf,0b29cb9f2e17f3e05b66912497d8cb84,729.538,561.651,140.978,261.658,549.785,758.527,1019.58,827.826,447.796,179.545,374.178,5000.0,116.631,156.504,1132.61,455.41,629.63,1124.87,73.8998,304.561,574.074,392.941,383.032,669.867,450.987,662.297,644.634,723.703,1420.38,5000.0,640.466
E04F19.cnf,724ced5489ef7e836f9b05218003acd5,172.141,45.889,174.26,302.349,61.8176,56.8084,50.8103,25.7031,79.173,55.8645,80.7887,235.999,18.2122,16.4375,58.2801,47.5228,164.874,313.946,22.3146,102.001,29.1486,74.9276,75.0396,111.165,44.1173,37.8732,51.3622,72.24,69.1515,430.703,606.857
q_query_3_L70_coli.sat.cnf,7fc9b20f0efe1e9457bd61eba8178674,44.9762,115.447,166.784,32.829,53.5859,43.5644,134.181,122.235,57.9322,43.3374,119.396,238.007,29.4645,36.1825,49.5385,825.476,120.984,353.609,81.7716,60.2608,37.0184,253.458,39.9609,70.4503,142.743,131.173,36.2525,31.1533,67.8057,340.672,751.079
gss-22-s100.cnf,24798725911435c97d1fdfc6d6057704,1312.94,3751.17,3751.27,5000.0,1375.85,5000.0,5000.0,5000.0,5000.0,5000.0,1895.53,2373.96,5000.0,5000.0,5000.0,5000.0,1862.3,1863.18,1563.22,5000.0,5000.0,5000.0,5000.0,1477.01,5000.0,5000.0,5000.0,5000.0,5000.0,5000.0,5000.0
gss-21-s100.cnf,4088fb63f552da21c0e8cd91f519e724,348.004,184.05,4517.51,3339.03,750.425,5000.0,4938.94,2921.3,5000.0,4703.56,2350.22,1351.59,5000.0,1449.12,4958.92,5000.0,5000.0,5000.0,3051.0,5000.0,3080.83,5000.0,5000.0,5000.0,573.931,3099.23,300.048,740.808,3129.73,5000.0,5000.0
UCG-15-10p1.cnf,484dad50fb275faff8eff92c4d5447cb,1408.59,500.515,603.691,807.477,1264.09,838.964,995.676,1502.72,3584.41,1262.1,333.166,668.504,522.822,1286.07,841.652,5000.0,786.371,779.171,1549.34,1455.1,1911.36,1000.44,1048.94,295.964,368.811,716.601,966.723,1419.94,1476.73,3217.28,991.296
UTI-20-10p1.cnf,9573f6b4001373bab93d1a02f96820d1,2652.02,5000.0,5000.0,2451.72,3119.38,1691.95,3261.53,2953.71,3201.09,2569.21,622.694,843.284,1871.17,1962.27,1450.8,5000.0,2144.86,2148.61,1837.58,5000.0,3236.05,1962.68,1938.92,1657.24,1953.4,5000.0,2455.09,1733.08,2998.03,5000.0,2999.44
ndhf_xits_19_UNKNOWN.cnf,4cf2a693df1b6e5a084b88e84ec5f2af,5000.0,1751.39,908.591,5000.0,404.931,363.141,472.419,17.2994,334.969,112.628,846.343,220.536,587.412,5000.0,1309.3,455.396,589.047,314.999,314.416,5000.0,366.627,121.706,120.563,48.5926,1.40579,5000.0,18.1532,613.619,74.2777,630.711,903.803
velev-pipe-sat-1.0-b9.cnf,bb86eb13126177e1b128fa3186a4972b,95.6475,55.8275,65.674,2.82557,39.593,97.5292,88.2466,87.2567,36.2795,33.8129,66.9948,500.45,6.02908,3.3085,104.162,449.59,539.195,820.172,47.9437,9.68653,101.127,731.286,314.658,30.0954,49.1875,114.403,35.4286,102.378,298.227,5000.0,605.827
9vliw_m_9stages_iq3_C1_bug6.cnf,0e9412385af2433f77994a2100fac3f8,67.0878,176.927,221.316,64.3432,79.2799,70.2053,383.243,131.111,64.9881,64.6452,234.858,429.748,44.7632,24.6483,66.5459,252.428,577.295,975.948,262.351,28.3177,83.8782,238.689,235.989,113.981,115.388,90.4013,40.7618,89.6544,195.585,45.6301,44.0233
partial-10-17-s.cnf,f72920912a1bb14f90e9fea5dee0ec1c,5000.0,3714.02,3714.62,5000.0,5000.0,5000.0,5000.0,5000.0,5000.0,3450.86,5000.0,116.706,5000.0,3047.07,5000.0,5000.0,5000.0,346.296,5000.0,5000.0,5000.0,5000.0,5000.0,5000.0,4921.63,5000.0,5000.0,5000.0,5000.0,5000.0,5000.0
grieu-vmpc-31.cnf,ed08712c88c581f81b2a3952fd4c066d,277.008,5000.0,2834.63,881.844,40.6238,266.965,58.1512,5000.0,54.1438,1837.57,5000.0,5000.0,604.071,544.024,1249.88,5000.0,1055.17,3898.22,404.804,1419.9,5000.0,1494.63,1493.18,5000.0,1765.47,5000.0,2718.0,962.837,311.814,3585.27,1202.93
ACG-15-10p1.cnf,4f02dda0c6b1f76f43bce732093e4f1f,1867.48,482.6,733.448,1680.07,2961.76,2142.98,1459.86,1246.58,3719.93,1575.3,540.19,1234.66,1850.01,1737.38,1536.1,5000.0,940.94,933.172,1668.8,1842.47,2615.47,1905.46,1897.79,416.113,357.833,2352.58,1949.61,1260.01,3709.72,5000.0,4215.09
velev-npe-1.0-9dlx-b71.cnf,75d91f0ba4398ccb5b452707c0e7fa27,80.2878,1381.31,442.636,30.3024,47.4588,1168.46,337.571,219.8,30.4024,29.3075,4300.31,5000.0,1001.24,188.378,246.975,966.715,546.49,945.428,660.365,375.922,547.489,236.983,839.082,83.3043,489.503,85.727,96.3284,2706.07,243.011,974.793,990.832
hitag2-7-60-0-0xc048b9ebae66e9d-32-SAT.cnf,852818d5597dad56589a08f3a1608737,5000.0,5000.0,5000.0,3752.38,4244.57,4294.96,5000.0,5000.0,5000.0,5000.0,5000.0,1284.9,5000.0,5000.0,5000.0,5000.0,5000.0,2365.84,581.807,5000.0,5000.0,5000.0,5000.0,2040.05,70.1203,917.291,5000.0,5000.0,5000.0,5000.0,5000.0
post-cbmc-zfcp-2.8-u2.cnf,7b60c21f3860c80136e9dddf32e6bdab,76.0644,651.109,5000.0,35.0007,70.8152,82.3025,3265.65,263.48,36.7584,34.8917,221.256,507.411,46.5429,43.0105,75.7525,180.568,5000.0,5000.0,163.387,98.551,79.7669,528.137,5000.0,225.339,199.154,89.5184,51.5492,80.5428,93.8317,45.2451,45.96
pb_400_04_lb_19.cnf,360567b6b0a9bd59c9f198620c0062e9,164.122,1255.79,3406.91,241.395,578.28,74.1977,167.17,220.423,272.232,110.366,4153.19,1006.5,205.54,191.661,365.297,313.426,489.481,1517.71,39.366,110.088,141.773,180.053,178.518,1002.57,507.338,5000.0,358.71,576.313,118.117,1193.33,799.063
vmpc_36.renamed-as.sat05-1922.cnf,c9c90d9af49f4c08c7262ecb9a0b2a3d,5000.0,5000.0,5000.0,121.757,3917.67,5000.0,5000.0,5000.0,5000.0,5000.0,5000.0,5000.0,5000.0,5000.0,5000.0,5000.0,5000.0,5000.0,5000.0,5000.0,5000.0,5000.0,5000.0,5000.0,5000.0,5000.0,5000.0,5000.0,5000.0,5000.0,5000.0
vmpc_35.renamed-as.sat05-1921.cnf,5fda0e0fb8a21967728dfe29bf2d4ea5,5000.0,5000.0,5000.0,23.0495,5000.0,2817.45,5000.0,5000.0,5000.0,5000.0,5000.0,5000.0,5000.0,660.544,5000.0,5000.0,5000.0,5000.0,3490.07,5000.0,5000.0,5000.0,5000.0,5000.0,5000.0,5000.0,5000.0,3841.72,5000.0,5000.0,5000.0
esawn_uw3.debugged.cnf,4e7daa3d49a343320151ab63a92adc02,381.107,5000.0,5000.0,252.08,311.946,5000.0,5000.0,5000.0,265.232,251.562,2992.01,5000.0,568.033,300.503,5000.0,5000.0,5000.0,5000.0,5000.0,833.117,5000.0,5000.0,5000.0,329.139,199.098,5000.0,462.432,5000.0,5000.0,570.916,562.653
pb_300_10_lb_12.cnf,7601bf95ac354d3354b7ef700e3ce952,3446.86,2340.6,5000.0,583.272,1571.32,2648.49,1254.64,1144.62,677.092,2254.06,2645.93,4295.37,779.577,2353.09,415.452,5000.0,3831.6,3849.12,1924.21,2507.56,2416.07,3099.66,3150.25,3497.76,1715.33,1432.62,3396.14,1201.52,2058.86,3508.26,2202.25
UR-15-10p1.cnf,558e9ecf39a7773e94f4b47eef706f44,1608.01,1019.98,1778.58,1055.47,1947.0,1564.62,2102.52,1718.93,2441.41,2716.18,638.838,740.667,2203.78,1418.06,1362.43,5000.0,866.265,862.612,1384.34,1327.3,1873.28,1511.72,1506.67,376.254,723.746,2665.36,1139.5,1421.96,2497.7,5000.0,3796.03
slp-synthesis-aes-top25.cnf,1d36146d5d79c91e0605a19242395228,5000.0,5000.0,5000.0,5000.0,5000.0,5000.0,5000.0,5000.0,5000.0,5000.0,5000.0,1500.29,3162.31,5000.0,5000.0,5000.0,5000.0,5000.0,5000.0,5000.0,5000.0,5000.0,5000.0,5000.0,5000.0,897.737,5000.0,5000.0,5000.0,5000.0,5000.0
aes_64_1_keyfind_1.cnf,9e18e0ee8a56ea2c59fe8e682ff6c747,5000.0,298.841,2214.05,5000.0,47.7677,5000.0,5000.0,5000.0,5000.0,5000.0,5000.0,1034.73,5000.0,5000.0,516.357,5000.0,20.5459,1443.19,1853.27,2413.37,5000.0,3942.55,3904.31,5000.0,1339.79,449.864,5000.0,2204.27,5000.0,5000.0,5000.0
md5_48_1.cnf,21923a69386e0f7043d9b5a4a577566f,453.966,126.27,66.9498,37.7853,422.436,2086.75,913.592,103.139,43.2464,453.329,100.201,40.0439,1166.04,1884.45,173.407,674.828,496.051,164.014,48.2357,57.0543,768.012,386.278,1772.84,58.2961,177.653,633.714,3778.77,544.421,626.396,5000.0,1472.68
md5_47_4.cnf,b0a37265834986ac9165bda379d279fd,42.0836,28.6326,132.596,258.126,172.952,467.603,953.788,198.841,1204.96,355.245,91.897,41.9666,2218.76,407.117,19.407,329.391,273.771,105.381,358.126,102.564,1001.46,1453.14,3204.09,66.1159,89.2954,53.5369,163.605,82.3705,2613.33,4811.65,2033.0
md5_48_3.cnf,62c39589a569c5d989e4ecd1f5fe22d9,488.108,293.608,76.0964,114.288,1839.89,3037.52,343.73,2947.3,188.504,464.525,47.6058,109.215,160.138,1240.6,474.827,343.044,407.994,566.953,903.914,34.8517,272.682,5000.0,2014.67,132.578,35.2576,68.5286,1442.58,72.571,4219.42,4154.81,1241.89
gss-19-s100.cnf,46cd058b197d2996741a12b8a3597974,1037.93,1054.89,180.707,166.938,749.498,3066.74,488.792,505.769,766.351,973.699,929.4,300.183,783.072,862.545,915.438,5000.0,165.88,129.302,514.073,701.928,108.945,630.713,631.146,632.772,626.609,464.444,52.595,748.579,714.834,1104.76,818.34
gss-20-s100.cnf,a794a6d5c5cef207b230b9c11bc6a020,1196.88,3459.7,6.44302,302.83,72.092,5000.0,20.0829,2903.51,686.776,2334.09,5000.0,1568.62,1448.7,1155.99,720.487,5000.0,198.676,3959.05,1668.19,1550.1,2705.52,477.788,495.157,3638.09,383.233,2002.34,2187.25,3537.02,1035.73,5000.0,5000.0
zfcp-2.8-u2-nh.cnf,c4aa2ddc60eee766fbdf95a32eed5b43,80.6137,627.981,5000.0,41.9636,78.0431,82.4545,2842.95,252.696,45.1571,43.4604,264.596,463.954,49.5605,55.2226,80.5918,199.661,5000.0,5000.0,160.955,79.221,82.2485,582.592,5000.0,220.329,202.009,91.2301,56.6994,85.433,92.9219,49.4365,48.4436
aes_16_10_keyfind_3.cnf,ba60e69f0d85355346c606d520be3dc1,5000.0,3943.55,1657.73,578.046,183.61,1119.25,98.654,521.777,499.064,226.768,5000.0,442.93,139.215,308.991,601.151,360.942,690.806,883.88,120.897,5000.0,115.776,228.392,227.017,5000.0,2206.26,5000.0,262.389,948.905,259.629,2563.43,1002.58
rpoc_xits_15_SAT.cnf,6e2420fee2f0f163ee34f3173d985c73,606.444,6.78497,2.11768,3.47647,28.7466,1.56176,5.07323,1.26481,2.03769,4.05138,1.74573,1.89871,1.3168,3.89641,0.997848,12.951,76.9193,76.0324,3.33849,1.20282,2.08768,3.79842,2.82557,1.72474,1.49677,3.10353,1.40179,1.12683,3.86341,7.11292,601.383
pb_200_03_lb_03.cnf,475cc42914651b711314ff274f5d63a6,89.7204,55.5686,132.67,18.4892,382.717,77.6692,45.2941,32.4001,9.75952,13.024,139.55,5000.0,129.249,163.35,376.588,8.98263,108.875,540.996,61.5026,123.811,82.7334,5.36019,5.96609,102.522,56.2614,5000.0,154.12,86.0729,21.2798,82.1275,617.637
pb_300_05_lb_16.cnf,475625d216c3bd15c9dfed8c8d44e317,2202.67,2810.83,5000.0,5000.0,513.481,4251.15,5000.0,2970.94,1472.94,2126.48,3906.43,5000.0,549.996,2992.6,1339.91,3404.83,3003.65,2976.34,4058.16,340.444,5000.0,1403.04,1434.84,2597.55,496.777,5000.0,465.088,931.004,624.411,5000.0,2767.49
pb_400_02_lb_15.cnf,16e4f7136121630fb776cbad00a74e51,328.079,1854.32,813.457,250.131,69.2895,170.121,221.292,88.0056,137.826,103.958,130.763,380.865,160.043,80.4788,257.157,1043.84,400.52,947.983,195.911,32.3071,115.661,311.535,307.805,439.429,339.267,5000.0,318.105,375.455,258.689,1265.22,1013.04
pb_400_09_lb_05.cnf,4b770873df270f9d20490c58122226d0,51.8591,268.92,282.799,67.4637,162.89,214.916,56.0035,44.8612,53.4999,56.7904,82.9424,141.24,83.2613,46.6779,60.1679,175.921,200.269,689.137,78.3151,35.6186,74.1887,72.63,74.0507,177.336,173.964,5000.0,31.0113,294.573,64.1063,442.123,691.749
pb_400_10_lb_00.cnf,cc324f46eb87d3a6482cadc1d26183fb,17.3144,39.685,48.4786,32.576,58.892,65.824,11.5572,12.5401,49.6804,41.4607,30.5184,130.06,78.4501,57.1643,41.1487,58.898,132.218,579.683,50.2144,33.5329,26.6459,24.1883,24.1023,74.0127,34.3058,5000.0,18.5582,163.121,12.898,405.987,679.813
pb_400_05_lb_00.cnf,c1e89fb94c1afe7b33b43e37af6b9e31,379.997,2567.82,3233.11,73.7428,3326.42,1104.98,1481.67,254.624,701.293,171.688,604.291,3446.51,241.51,1481.75,1419.62,1473.84,3057.92,3036.84,212.946,241.505,1028.74,3253.41,3171.96,2643.75,728.114,5000.0,1840.01,2008.87,1347.69,522.977,2532.25
pb_300_06_lb_02.cnf,9d52258b5c10ed06ac66c1ccb4c7a5e4,517.52,5000.0,307.838,1116.04,1142.17,2020.23,854.848,475.628,3182.24,1032.43,958.436,1403.76,235.507,2022.77,642.341,5000.0,1101.2,1097.24,1882.16,196.63,1073.78,548.865,560.861,661.526,1339.65,338.211,1754.33,5000.0,1005.99,5000.0,5000.0
pb_300_09_lb_07.cnf,52a78e418a19fbd6f46241f73bb870e6,89.3214,266.108,593.638,49.8124,87.4597,9.90349,55.2856,151.5,16.2655,107.082,16.4685,70.6063,77.4472,48.3137,54.5397,292.437,173.153,544.652,17.7643,163.338,156.256,43.8573,43.7274,75.9615,70.7692,5000.0,83.8882,174.196,151.511,414.307,633.152
pb_300_01_lb_00.cnf,4395bc8659ae2ba3fbdcbc3a4f388d83,47.8437,34.8797,107.59,5.95309,38.9731,15.2227,10.5264,21.8237,32.3161,18.0233,43.7154,42.2126,5.80712,48.9386,37.3513,41.6567,73.7448,483.913,6.27704,3.19251,5.22421,7.69283,7.56385,17.7233,217.424,117.183,18.2822,57.1293,38.9791,222.005,602.718
pb_300_05_lb_17.cnf,49f12d7efb4207ce4464addb0e3409a1,937.753,1784.98,408.779,492.44,210.083,1325.63,670.072,1265.36,304.785,807.881,4041.2,3115.68,1457.13,234.27,180.029,3074.24,444.762,2904.47,101.912,80.3158,996.021,799.496,795.125,2544.61,819.694,5000.0,799.476,1886.52,1176.88,1935.6,1038.39
pb_300_02_lb_06.cnf,33679b142e18e85d688317cc7402fb96,37.8352,296.829,1657.16,5000.0,110.216,313.896,86.1699,10.5894,31.2532,132.955,379.1,263.668,34.2438,279.285,118.576,87.4717,83.5623,892.74,1162.15,18.3352,63.7943,45.906,47.0049,439.496,88.3966,5000.0,237.033,703.582,858.455,347.89,721.11
pb_300_10_lb_13.cnf,d2cb7ce0d027175186cf9247c2a37e45,87.3777,722.777,1387.01,121.677,91.823,2671.47,636.483,161.373,190.229,542.228,623.979,1117.18,251.449,335.177,162.586,5000.0,189.767,1616.27,775.261,398.679,33.6509,833.851,825.559,1196.45,792.79,5000.0,1261.62,803.364,1424.0,2063.22,1456.41
pb_300_02_lb_07.cnf,933c596aa26c3387c621743e7ff88e29,10.1645,14.5118,276.789,7.09092,63.0414,90.9072,71.6321,17.1724,16.4685,11.0283,77.3752,22.9835,6.03608,11.2073,2.46163,14.5208,108.211,503.062,20.5829,36.0135,13.267,10.3814,10.0545,30.7563,25.2182,528.167,27.1669,132.7,49.5425,524.301,633.177
pb_300_03_lb_13.cnf,fc36a581f2c1d3af77ac393fc232f821,14.9897,189.565,89.5704,18.5452,67.3328,25.7751,75.7025,16.7934,13.22,50.1084,50.9832,196.592,38.2092,15.9316,45.5831,45.0002,139.532,556.389,70.1183,60.8767,51.8861,35.1417,35.4436,83.7683,53.3379,5000.0,18.5802,97.3172,6.46702,192.452,631.434
md5_47_3.cnf,3bb585fcdaeb772457dbcffd3371aab9,83.6033,21.9537,358.307,37.7763,353.732,1126.51,1678.39,407.384,951.1,671.325,127.68,298.038,2044.61,813.421,38.0222,953.844,179.347,77.2223,893.718,501.67,846.357,358.007,317.362,42.8375,191.179,567.134,168.577,39.8399,764.819,5000.0,5000.0
md5_48_5.cnf,8ab50418497c0326ed1ff5d73a4e24a3,69.0525,245.112,21.7527,153.594,1975.5,384.752,32.3251,3786.37,230.49,189.358,38.0942,195.079,2099.02,1575.88,22.8405,2665.9,571.309,124.628,54.2647,165.134,1447.31,276.878,126.119,135.456,128.229,159.273,453.757,445.423,1986.09,2231.04,1850.99
md5_48_4.cnf,d228b2e129f0cbe265f4cdbbbf6f09c8,66.5759,238.958,832.649,227.358,5000.0,997.259,2128.72,5000.0,694.495,4939.07,159.754,95.9534,5000.0,344.053,63.1144,2624.46,618.836,188.684,1429.22,335.568,625.762,87.5757,1883.83,186.141,384.873,1067.36,542.916,55.5156,3895.34,5000.0,5000.0
md5_48_2.cnf,a420102680cef46239a1a26d099d3bb5,97.0392,287.334,346.272,107.335,416.777,2342.29,1208.8,3445.75,587.251,1074.9,208.881,31.2243,1006.22,996.167,159.948,369.212,578.757,93.8207,1403.38,198.296,244.912,25.986,701.579,144.506,132.59,3066.18,961.959,131.154,2852.88,5000.0,5000.0
md5_47_1.cnf,53153ffcc5020cda6102938ac64005fe,52.9449,75.7395,114.996,140.605,299.976,5000.0,100.124,92.212,200.199,76.9903,58.4601,39.0651,172.035,321.706,130.158,959.874,541.086,104.616,91.2301,51.5492,846.147,368.396,700.939,105.744,58.877,95.4825,1995.71,16.4395,1028.32,3033.29,622.87
001.cnf,a414f1a17b595e4412e35274a41f44b9,5000.0,5000.0,5000.0,5000.0,5000.0,5000.0,5000.0,5000.0,5000.0,5000.0,5000.0,5000.0,5000.0,5000.0,5000.0,5000.0,5000.0,5000.0,5000.0,5000.0,5000.0,5000.0,5000.0,5000.0,1608.26,5000.0,5000.0,5000.0,5000.0,5000.0,5000.0
md5_47_2.cnf,67da0906f147c12e87020c94e9f1bd01,44.0993,96.4253,305.558,25.0812,213.819,731.486,267.335,233.088,379.144,1294.52,73.8088,61.5316,2203.64,327.201,119.931,1535.06,498.009,144.243,1249.7,47.8037,1732.0,964.584,200.036,61.0417,75.2136,139.721,937.26,79.7629,1427.71,3864.71,752.276
001.cnf,9e5495aeb597fa607babd409e526a0a0,1570.17,5000.0,5000.0,5000.0,5000.0,5000.0,5000.0,5000.0,5000.0,5000.0,5000.0,5000.0,5000.0,5000.0,5000.0,5000.0,5000.0,5000.0,5000.0,5000.0,5000.0,5000.0,5000.0,5000.0,5000.0,131.272,5000.0,5000.0,5000.0,5000.0,5000.0
001.cnf,012facf42627e6b0d9846f3749ffa28e,5000.0,5000.0,5000.0,5000.0,5000.0,5000.0,5000.0,5000.0,5000.0,5000.0,5000.0,5000.0,5000.0,5000.0,5000.0,5000.0,5000.0,5000.0,2032.64,5000.0,5000.0,5000.0,5000.0,5000.0,474.898,2702.55,5000.0,5000.0,5000.0,5000.0,5000.0
001.cnf,b76b603b2636ba69389e1fe5bf99fb14,936.405,5000.0,2703.6,5000.0,5000.0,5000.0,5000.0,5000.0,5000.0,5000.0,3635.46,5000.0,5000.0,5000.0,3484.08,5000.0,506.156,505.938,5000.0,1271.97,5000.0,5000.0,5000.0,63.1074,5000.0,5000.0,5000.0,5000.0,5000.0,5000.0,5000.0
002.cnf,4a1c86791c9a225dc21948fd0d5c50ab,26.288,33.9868,5000.0,5000.0,5000.0,5000.0,5000.0,5000.0,5000.0,5000.0,5000.0,5000.0,5000.0,5000.0,5000.0,5000.0,5000.0,5000.0,5000.0,5000.0,5000.0,5000.0,5000.0,5000.0,5000.0,5000.0,5000.0,5000.0,5000.0,5000.0,5000.0
002.cnf,1280a9f0d719c07c22242fa88391b7cf,5000.0,5000.0,5000.0,5000.0,5000.0,5000.0,5000.0,5000.0,5000.0,5000.0,5000.0,5000.0,5000.0,5000.0,5000.0,5000.0,5000.0,5000.0,5000.0,3305.03,5000.0,5000.0,5000.0,5000.0,2586.67,5000.0,5000.0,5000.0,5000.0,5000.0,5000.0
002.cnf,2c281ba5ae346b38f9af69aff86073a6,2374.98,5000.0,5000.0,5000.0,5000.0,5000.0,5000.0,5000.0,5000.0,5000.0,5000.0,5000.0,5000.0,5000.0,5000.0,5000.0,5000.0,5000.0,5000.0,104.595,5000.0,5000.0,5000.0,5000.0,5000.0,5000.0,5000.0,5000.0,5000.0,5000.0,5000.0
003.cnf,b5ff1be89d06244f3a566c17e82d49e3,5000.0,5000.0,5000.0,5000.0,5000.0,5000.0,5000.0,5000.0,5000.0,5000.0,5000.0,5000.0,5000.0,5000.0,5000.0,5000.0,5000.0,5000.0,5000.0,5000.0,5000.0,5000.0,5000.0,5000.0,5000.0,5000.0,5000.0,5000.0,5000.0,5000.0,5000.0
aes_24_4_keyfind_2.cnf,415da0714a8570fa2ff81710f3715cd7,926.75,1008.25,2639.04,4517.76,5000.0,5000.0,5000.0,5000.0,1342.77,21.4497,5000.0,3505.36,1039.03,768.681,4741.49,5000.0,5000.0,3938.86,2084.25,717.894,5000.0,5000.0,5000.0,5000.0,5000.0,1373.04,5000.0,5000.0,1717.22,5000.0,5000.0
aes_24_4_keyfind_4.cnf,b8613f6a972f226fe41ba9011f30ba22,2576.29,5000.0,5000.0,5000.0,5000.0,5000.0,5000.0,5000.0,2073.98,2826.27,5000.0,1619.8,5000.0,5000.0,3224.44,404.56,5000.0,2024.74,1558.68,936.342,4687.89,5000.0,5000.0,4578.66,2904.37,1716.47,5000.0,5000.0,5000.0,5000.0,1943.1
003.cnf,36d5b47950b45a78bcbfd408b9087079,5000.0,5000.0,5000.0,5000.0,5000.0,5000.0,5000.0,5000.0,5000.0,5000.0,5000.0,5000.0,5000.0,5000.0,5000.0,5000.0,5000.0,5000.0,5000.0,4000.35,5000.0,5000.0,5000.0,5000.0,5000.0,1926.37,5000.0,5000.0,5000.0,5000.0,5000.0
003.cnf,2cfe835b784558aaf6f23302ec00e754,5000.0,5000.0,5000.0,5000.0,5000.0,5000.0,5000.0,5000.0,5000.0,5000.0,5000.0,5000.0,5000.0,5000.0,5000.0,5000.0,5000.0,5000.0,5000.0,3501.69,5000.0,5000.0,5000.0,5000.0,2990.23,653.198,5000.0,5000.0,5000.0,5000.0,5000.0
003.cnf,5e5e6f21b900a159db6910e16c9f5b47,5000.0,5000.0,5000.0,5000.0,5000.0,5000.0,5000.0,5000.0,5000.0,5000.0,2799.85,5000.0,5000.0,5000.0,5000.0,5000.0,5000.0,5000.0,5000.0,5000.0,5000.0,5000.0,5000.0,5000.0,4745.21,5000.0,5000.0,5000.0,5000.0,5000.0,5000.0
004.cnf,0a4128a2f8884f36b2ff69425ba05c37,2559.43,5000.0,5000.0,5000.0,5000.0,5000.0,5000.0,5000.0,5000.0,5000.0,5000.0,5000.0,5000.0,5000.0,5000.0,5000.0,5000.0,5000.0,5000.0,628.586,5000.0,5000.0,5000.0,5000.0,5000.0,1440.76,5000.0,5000.0,5000.0,5000.0,5000.0
004.cnf,c8a6059c2ecd020997f2478782eaa1e2,899.439,684.593,5000.0,5000.0,5000.0,5000.0,5000.0,5000.0,5000.0,5000.0,644.503,5000.0,5000.0,5000.0,1161.92,5000.0,5000.0,5000.0,5000.0,128.651,5000.0,5000.0,5000.0,5000.0,622.404,1040.53,5000.0,5000.0,5000.0,5000.0,5000.0
007.cnf,5de87c3eeefedc5c82ec686bd41d61b6,5000.0,5000.0,5000.0,5000.0,5000.0,5000.0,5000.0,5000.0,5000.0,5000.0,5000.0,5000.0,5000.0,5000.0,3351.08,5000.0,5000.0,5000.0,5000.0,5000.0,5000.0,5000.0,5000.0,5000.0,5000.0,5000.0,5000.0,5000.0,5000.0,5000.0,5000.0
003.cnf,68c47ef8b6a8e840080736919329f591,3086.15,5000.0,5000.0,5000.0,5000.0,5000.0,5000.0,5000.0,5000.0,5000.0,5000.0,5000.0,5000.0,5000.0,5000.0,5000.0,5000.0,5000.0,5000.0,5000.0,5000.0,5000.0,5000.0,5000.0,5000.0,5000.0,5000.0,5000.0,5000.0,5000.0,5000.0
005.cnf,6a767c1e994dcd02dbb7e86ba3539253,5000.0,3122.44,489.16,1016.95,447.268,1279.25,731.698,790.464,960.723,325.041,5000.0,4007.51,1283.53,2028.16,1103.25,4615.0,5000.0,5000.0,738.107,1814.76,1142.61,972.246,968.75,5000.0,5000.0,5000.0,862.185,322.183,805.365,714.242,1043.05
005.cnf,1ca1d5fc3a28ac1bf8494272931343f7,1219.12,5000.0,5000.0,5000.0,5000.0,5000.0,5000.0,5000.0,5000.0,5000.0,54.7467,5000.0,5000.0,5000.0,5000.0,5000.0,5000.0,5000.0,5000.0,4274.1,5000.0,5000.0,5000.0,5000.0,1019.75,5000.0,5000.0,5000.0,5000.0,5000.0,5000.0
005.cnf,294c235302a5d86a712124f79e73259b,532.168,2962.91,5000.0,5000.0,5000.0,5000.0,5000.0,5000.0,5000.0,5000.0,5000.0,5000.0,5000.0,5000.0,3281.26,5000.0,3540.94,3520.04,5000.0,103.662,5000.0,5000.0,5000.0,3212.09,327.689,3185.52,5000.0,5000.0,5000.0,5000.0,5000.0
transport-transport-city-sequential-25nodes-1000size-3degree-100mindistance-3trucks-10packages-2008seed.030-NOTKNOWN.cnf,20b03a4e9cde61c9c210714b52cb9416,444.619,424.136,311.887,76.0424,33.6119,142.466,242.525,157.122,136.43,110.905,143.486,185.706,67.0478,142.346,38.0072,1785.82,431.348,5000.0,132.077,133.054,37.9152,86.9498,86.6788,243.933,34.2538,725.375,52.586,54.1438,62.3305,1763.52,779.16
grid-strips-grid-y-3.055-NOTKNOWN.cnf,538ae856d2f3b2e3ecc23d631c1d8bb9,58.897,72.106,334.102,115.084,82.2555,240.779,120.545,173.835,370.599,517.349,523.069,175.347,37.3323,95.9754,464.914,5000.0,559.878,959.773,56.8684,396.918,238.155,132.291,131.442,280.223,101.913,585.598,477.661,66.7868,99.0049,5000.0,685.312
transport-transport-two-cities-sequential-15nodes-1000size-3degree-100mindistance-3trucks-10packages-2008seed.030-NOTKNOWN.cnf,b2d20b42a6be44e7dadd3f4ffdac72fe,1104.63,214.387,454.673,267.386,457.612,437.879,1474.59,440.108,973.376,496.365,323.842,158.719,347.393,448.079,1048.45,2986.98,760.569,5000.0,630.173,5000.0,103.943,390.205,388.084,1699.0,1213.69,5000.0,201.595,262.02,279.351,3666.12,907.871
006.cnf,b4edc59fb601a5e512fd96c5b7ea3037,5000.0,782.783,162.727,1179.56,1223.58,451.566,57.8332,283.16,381.804,643.345,5000.0,2940.04,273.85,1635.37,1053.08,3698.4,5000.0,5000.0,907.321,641.885,1129.03,892.955,883.65,5000.0,5000.0,1388.99,246.517,5000.0,383.361,484.737,963.822
blocks-blocks-36-0.130-NOTKNOWN.cnf,74dbbaad3fef2937258662e368993970,158.623,284.633,297.211,51.8861,58.7561,143.425,245.846,137.602,191.121,68.7895,296.315,48.1637,288.72,127.828,118.386,5000.0,665.669,477.612,82.0595,58.5231,44.5802,95.6955,94.7576,230.741,71.7261,541.657,260.249,212.477,80.7917,4337.68,890.022
transport-transport-city-sequential-25nodes-1000size-3degree-100mindistance-3trucks-10packages-2008seed.020-NOTKNOWN.cnf,d35d841a2a78e343ef2ffcb66e3c1ba1,57.6332,41.1927,113.488,32.653,43.2154,41.1927,35.9015,86.0339,67.9987,68.4506,31.9861,13.6119,25.1222,26.245,29.8725,2298.12,291.502,5000.0,32.738,20.7218,18.1512,73.7268,73.5148,183.699,63.0464,172.8,20.4199,24.0493,14.6368,799.533,656.679
006.cnf,58373c50fabc01f9f29d280fb428396a,5000.0,5000.0,3604.89,5000.0,5000.0,5000.0,5000.0,5000.0,5000.0,5000.0,2807.11,5000.0,5000.0,5000.0,1213.68,5000.0,5000.0,5000.0,5000.0,742.465,5000.0,5000.0,5000.0,5000.0,113.588,1777.49,5000.0,5000.0,5000.0,5000.0,5000.0
blocks-blocks-36-0.150-NOTKNOWN.cnf,674204d317a5ffff1d189d2819d88370,43.6464,279.517,107.53,64.5162,72.397,297.159,253.548,115.837,65.1241,64.0893,133.182,48.2287,85.43,84.9301,76.1184,194.952,520.462,482.56,62.0096,138.361,30.8513,172.115,164.92,79.6739,53.1599,281.482,134.207,291.048,55.2006,84.8201,85.765
007.cnf,a97d2b55e2e62155b5859bdaa98629a2,5000.0,5000.0,5000.0,5000.0,5000.0,5000.0,5000.0,5000.0,5000.0,5000.0,5000.0,5000.0,5000.0,5000.0,1714.23,5000.0,5000.0,5000.0,5000.0,5000.0,5000.0,5000.0,5000.0,5000.0,5000.0,3175.97,5000.0,5000.0,5000.0,5000.0,5000.0
grid-strips-grid-y-3.065-SAT.cnf,a793c05b8efeb4ff46e0a28865471322,107.186,169.484,182.826,16.7714,112.169,55.0156,1031.98,52.397,347.71,416.375,548.401,354.458,206.355,25.8371,222.619,5000.0,779.194,758.887,38.0832,47.9367,124.534,125.664,124.998,401.825,503.077,1194.68,311.966,92.7119,114.139,5000.0,728.685
transport-transport-city-sequential-35nodes-1000size-4degree-100mindistance-4trucks-14packages-2008seed.020-NOTKNOWN.cnf,42f3503956f4db7099ca37aa90921a11,958.27,352.086,478.881,634.04,794.956,1044.49,4963.47,382.594,867.757,1387.06,437.971,456.511,628.144,1889.41,457.78,5000.0,1172.51,5000.0,943.528,315.76,54.6357,302.324,310.919,4996.86,641.266,5000.0,643.804,141.336,448.766,5000.0,1509.71
transport-transport-city-sequential-25nodes-1000size-3degree-100mindistance-3trucks-10packages-2008seed.050-NOTKNOWN.cnf,2b39e386d0c1bdb88213151e5021cf09,48.8216,1190.58,874.399,293.437,127.942,324.043,140.746,503.963,235.002,662.948,495.616,3538.03,293.263,494.118,545.085,2146.38,1100.75,5000.0,170.95,5000.0,179.711,223.275,227.173,3113.33,1135.82,5000.0,297.33,142.474,104.579,3769.63,1269.19
transport-transport-two-cities-sequential-15nodes-1000size-3degree-100mindistance-3trucks-10packages-2008seed.020-NOTKNOWN.cnf,2f7cce17acd4cbdaaa486324e4447fe4,983.703,410.028,391.12,603.359,471.217,222.612,1011.68,1867.5,631.371,1227.99,341.308,289.881,829.029,264.769,323.223,5000.0,1851.71,5000.0,133.835,5000.0,1749.42,380.209,386.025,1476.97,1025.66,5000.0,871.471,158.65,636.946,5000.0,3029.16
007.cnf,c5bcaf56da874e81edcd2eb71bf140e0,5000.0,5000.0,5000.0,5000.0,5000.0,5000.0,5000.0,5000.0,5000.0,5000.0,5000.0,5000.0,5000.0,5000.0,5000.0,5000.0,5000.0,5000.0,5000.0,3190.07,5000.0,5000.0,5000.0,4817.32,3216.31,5000.0,5000.0,5000.0,5000.0,5000.0,5000.0
007.cnf,47bd95959bb15bb2714b1a35ce3ac6a8,3354.58,5000.0,5000.0,5000.0,5000.0,5000.0,5000.0,5000.0,5000.0,5000.0,132.648,5000.0,5000.0,5000.0,575.65,5000.0,1879.05,1868.81,5000.0,4525.28,5000.0,5000.0,5000.0,1492.69,97.4212,5000.0,5000.0,5000.0,5000.0,5000.0,5000.0
grid-strips-grid-y-3.045-NOTKNOWN.cnf,ae5921b0b39a8bc51efc86aa7463a85b,1143.96,236.648,188.067,713.636,504.222,352.975,2932.48,283.539,731.891,442.998,657.768,573.758,673.067,646.768,511.539,5000.0,1630.57,2128.23,594.211,183.123,692.293,539.774,529.494,1488.98,449.952,2006.36,651.984,341.644,441.384,5000.0,2085.05
008.cnf,646f3555e6bdf2179cfc49111bb3ad1f,5000.0,5000.0,5000.0,5000.0,5000.0,5000.0,5000.0,5000.0,5000.0,5000.0,5000.0,5000.0,5000.0,5000.0,5000.0,5000.0,5000.0,5000.0,5000.0,5000.0,5000.0,5000.0,5000.0,5000.0,4059.04,4496.69,5000.0,5000.0,5000.0,5000.0,5000.0
transport-transport-city-sequential-25nodes-1000size-3degree-100mindistance-3trucks-10packages-2008seed.040-NOTKNOWN.cnf,90d6ab6c96502322a316dba40c7c3226,202.799,949.939,864.761,154.667,149.592,249.13,216.563,102.766,136.005,130.595,43.1734,454.656,24.6972,112.889,459.589,5000.0,430.069,5000.0,127.904,67.0438,74.3367,114.713,119.403,114.935,885.278,5000.0,161.567,27.2908,136.473,2736.97,699.385
gss-18-s100.cnf,36e05ed1d33d17d974fb7805c91fe357,358.053,415.202,130.108,19.0641,41.0068,2148.57,191.266,69.9594,361.367,431.434,55.4446,224.424,14.8077,121.109,307.82,5000.0,271.719,141.858,205.453,273.805,367.333,542.361,542.23,56.4904,220.999,545.434,301.788,562.205,44.7692,1563.81,1465.49
008.cnf,e5c9348d6dfa41bf497cc3047c44bd87,5000.0,5000.0,2547.35,5000.0,5000.0,5000.0,5000.0,5000.0,5000.0,5000.0,214.778,5000.0,5000.0,5000.0,5000.0,5000.0,5000.0,5000.0,5000.0,1542.7,5000.0,5000.0,5000.0,5000.0,1180.32,5000.0,5000.0,5000.0,5000.0,5000.0,5000.0
009.cnf,325958b2a1a39d6714cf5cbb8d02fb91,462.927,5000.0,5000.0,5000.0,5000.0,5000.0,5000.0,5000.0,5000.0,5000.0,5000.0,5000.0,5000.0,5000.0,5000.0,5000.0,497.331,496.96,5000.0,5000.0,5000.0,5000.0,5000.0,54.2318,5000.0,4831.7,5000.0,5000.0,5000.0,5000.0,5000.0
009.cnf,8228934aedd07945fbc1ec78f6634c72,2250.37,5000.0,5000.0,5000.0,5000.0,5000.0,5000.0,5000.0,5000.0,5000.0,5000.0,5000.0,5000.0,5000.0,5000.0,5000.0,1743.23,1744.29,5000.0,4201.48,5000.0,5000.0,5000.0,1356.2,3160.31,5000.0,5000.0,5000.0,5000.0,5000.0,5000.0
009.cnf,f0ef151e6d349537aa0543d269ae5b77,42.0066,5000.0,1085.36,5000.0,5000.0,5000.0,5000.0,5000.0,5000.0,5000.0,1073.25,5000.0,5000.0,5000.0,4571.9,5000.0,5000.0,5000.0,5000.0,2898.84,5000.0,5000.0,5000.0,5000.0,5000.0,1672.23,5000.0,5000.0,5000.0,5000.0,5000.0
010.cnf,219e95d5e052c2ab56e50e1c7c765aa7,5000.0,5000.0,5000.0,5000.0,5000.0,5000.0,5000.0,5000.0,5000.0,5000.0,5000.0,5000.0,5000.0,5000.0,5000.0,5000.0,3222.41,3223.42,5000.0,5000.0,5000.0,5000.0,5000.0,2911.21,5000.0,3290.87,5000.0,5000.0,5000.0,5000.0,5000.0
AProVE07-11.cnf,76a9a702e3f5579ca21a804121363b5b,110.484,476.408,1402.72,68.5636,459.688,5000,466.567,409.829,341.264,417.63,430.137,197.113,94.2127,88.7095,62.6845,287.43,552.784,594.438,271.22,99.4979,47.1468,94.0187,97.6222,184.111,533.17,30.0184,41.4057,157.617,39.8519,5000.0,966.349
itox_vc1033.cnf,17cc03672e09c4ccad0986fb3657ba7a,5.09422,3.05253,3.09653,3.20351,7.85481,1.58176,4.48832,4.79927,15.1847,14.4268,10.1185,10.0015,2.94855,3.52546,1.51977,11.2923,77.8512,71.9991,3.9124,4.11137,1.68474,205.332,5.84611,17.9433,30.8003,3.42848,1.53177,2.16067,1.9917,20.8878,604.72
itox_vc1130.cnf,1dc3830fa84fd706a44d8cbfb2c0c08c,7.01393,4.48432,4.21236,3.9254,18.5352,2.04669,78.817,78.2351,17.3134,16.8184,9.65653,12.2221,3.65744,3.74843,1.91071,18.5472,288.851,89.6904,5.72413,4.55731,2.35464,232.759,7.67983,234.003,38.6201,4.56731,1.85172,2.50962,2.55161,21.8427,602.257
slp-synthesis-aes-top27.cnf,159e4ad1136dd3b9ce59cc4cb5634433,1388.4,4310.99,4308.85,5000.0,1205.55,5000.0,2494.74,5000.0,5000.0,5000.0,5000.0,1162.76,5000.0,5000.0,430.149,5000.0,2155.3,2134.57,5000.0,1735.43,5000.0,5000.0,5000.0,1780.09,5000.0,518.514,5000.0,5000.0,5000.0,5000.0,5000.0
9vliw_m_9stages_iq3_C1_bug8.cnf,38f3159fddfc095a413b2afec78f1d19,115.161,215.289,224.814,76.4744,92.6219,198.988,309.996,151.686,73.1809,75.9285,1141.88,570.366,14.5228,43.3594,171.047,137.144,582.761,981.515,227.206,26.8139,66.03,253.494,277.873,120.228,162.92,109.564,95.7624,132.76,385.118,14.4808,15.2237
9vliw_m_9stages_iq3_C1_bug9.cnf,90ea7ffb0c4bf9a38b59a628b2a2b091,107.697,174.816,222.993,150.559,158.258,81.8136,909.891,148.733,149.452,150.824,775.551,979.614,39.622,91.4681,69.9064,99.7648,565.496,963.292,443.921,44.4632,68.7306,252.972,278.103,104.781,77.0523,95.7954,133.204,75.4535,245.593,40.7538,39.718
9vliw_m_9stages_iq3_C1_bug10.cnf,8520866de176665c8e9e9baaa877993c,70.0434,184.529,257.446,94.9116,110.247,154.451,227.163,136.684,91.3321,92.7019,835.335,1537.98,33.111,46.266,79.4999,216.107,577.822,973.742,261.198,67.0838,305.718,236.888,233.186,117.711,193.367,118.625,34.5377,173.857,219.107,33.109,31.7802
9vliw_m_9stages_iq3_C1_bug7.cnf,ecd02c69e30c7eb00aec1121b50e9d05,100.82,177.528,217.574,12.1132,26.7489,71.2692,413.325,101.133,12.7071,11.9172,228.834,158.943,25.3621,18.2602,62.8814,576.878,539.107,650.325,246.63,20.7228,69.8254,248.77,262.49,78.5281,199.5,111.423,54.7927,100.287,224.153,24.9132,25.2182
aes_32_3_keyfind_2.cnf,3fa9101d04cd46f278ef4d2bd1e75643,110.025,1388.43,4.29735,334.312,2048.88,5000.0,4072.34,5000.0,5000.0,144.564,319.89,1534.55,1251.12,3538.91,4101.77,5000.0,722.384,1943.02,4627.25,305.999,5000.0,1769.38,1752.2,1153.15,1253.42,1070.77,4601.94,3942.18,68.2906,254.557,5000.0
9vliw_m_9stages_iq3_C1_bug4.cnf,ac9f0a08db1c99432bfb1d046a892d81,70.7452,179.072,262.574,32.576,46.9989,116.581,240.093,185.891,33.3369,32.3891,1353.42,1024.61,54.4087,71.9791,156.885,237.886,595.394,994.168,522.562,57.7902,123.134,236.315,268.348,132.009,181.904,109.372,44.2453,168.345,396.883,52.681,53.6848
9vliw_m_9stages_iq3_C1_bug1.cnf,e8136540b3c2a46fda0c0136afb0a405,72.8819,248.121,228.371,59.294,75.7275,190.651,643.309,263.263,58.6261,59.7269,1373.8,760.067,117.683,100.283,157.023,94.7276,560.88,955.396,250.882,51.0732,96.1734,212.688,280.124,96.9343,245.334,114.722,23.1045,101.302,310.765,117.606,118.43
total-10-15-s.cnf,c19d8230b3c2026af5f29abce0d10f19,22.5316,240.159,133.451,86.8008,74.5577,84.4682,97.2072,322.633,205.652,132.361,27.1629,183.281,9.39357,385.798,490.509,592.92,186.055,117.66,23.0595,53.5249,98.528,78.0261,78.807,59.5969,71.3312,5000.0,23.4044,66.7549,346.043,2070.74,865.321
partial-5-15-s.cnf,aeddf6934ba21adf4a25a76bc314ef43,178.325,70.8172,106.997,68.7176,99.6309,385.532,203.593,101.451,184.583,358.213,216.92,147.064,390.336,142.088,164.648,1834.01,121.774,216.179,383.661,703.555,119.871,139.538,141.856,328.215,186.284,5000.0,101.308,182.678,114.637,2342.26,681.615
partial-5-13-s.cnf,8440e7259e120363fc65b24385da09e8,127.08,39.9499,65.4131,213.712,29.4085,34.7127,102.432,49.6814,27.1759,44.1873,71.7361,54.0298,106.333,21.9887,59.8709,360.912,145.031,106.455,40.6288,22.3786,33.2469,28.6236,30.4734,42.0996,60.8577,1410.91,46.086,71.3472,53.0499,1470.43,746.063
partial-10-11-s.cnf,3435b921c4acd15d51fed09386b58888,1101.37,45.1721,302.186,400.33,253.344,238.733,438.865,1176.63,440.127,1142.11,134.529,115.447,120.822,302.329,1946.23,297.474,738.663,156.088,52.2291,259.863,361.617,337.938,341.936,262.685,751.349,5000.0,44.9212,624.414,153.058,1787.26,3554.36
partial-5-17-s.cnf,cd6cb5ea01688ce5beec6e625055ac90,5000.0,663.181,332.061,436.244,3079.06,1599.05,1418.77,1846.5,1055.48,394.591,292.916,680.883,1488.78,1277.73,1134.3,1667.19,461.524,238.298,1879.93,225.225,538.727,2667.9,2703.67,2070.52,614.27,5000.0,930.761,708.288,1179.53,5000.0,2225.83
partial-10-19-s.cnf,d1c031feea2b01bb6670a4d0116bbd23,5000.0,519.113,5000.0,5000.0,5000.0,5000.0,5000.0,5000.0,5000.0,5000.0,5000.0,684.179,5000.0,5000.0,5000.0,5000.0,5000.0,423.493,5000.0,5000.0,5000.0,5000.0,5000.0,5000.0,1963.5,5000.0,5000.0,5000.0,5000.0,5000.0,5000.0
partial-5-19-s.cnf,e244a296f9644a797dad8a0d16013dcf,455.848,597.035,661.292,520.5,527.434,244.715,898.592,457.937,274.745,176.707,127.02,540.83,160.518,515.923,1198.52,5000.0,447.87,1137.87,548.195,475.499,560.201,266.631,257.78,629.985,532.685,5000.0,274.29,632.776,873.461,1450.29,1253.8
vmpc_30.cnf,8df6cfaff4435ad2a04367a34fb047c1,2.30465,107.627,92.8289,58.0932,516.183,1446.18,44.9962,53.6578,284.933,182.026,416.851,1244.23,1517.09,754.062,168.516,1260.81,213.475,213.374,538.898,837.963,68.4446,146.863,147.193,167.192,1517.34,2991.69,12.3311,282.502,1082.4,652.292,2115.73
vmpc_34.cnf,a27d41b3e10d867544cd2bff7d005be2,5000.0,5000.0,290.129,61.6506,2410.85,5000.0,406.162,5000.0,674.011,678.333,5000.0,136.096,5000.0,5000.0,3165.66,5000.0,1124.26,5000.0,1924.24,3656.62,5000.0,400.477,403.361,5000.0,5000.0,5000.0,337.103,610.419,652.262,1208.66,5000.0
vmpc_29.cnf,1e81246225c81a67548d334d1dfcc24b,50.9453,1423.45,1375.37,153.108,66.2399,5000.0,536.358,2026.34,118.06,118.197,4815.23,1062.76,122.977,45.4061,213.378,3247.48,407.799,407.156,684.629,76.2584,401.656,250.782,251.27,372.05,527.163,1848.94,107.724,500.51,170.735,949.178,723.571
vmpc_33.cnf,4c4d694bb911a7a13a7cb66a99dd484c,736.409,345.5,2377.76,546.166,1687.76,622.658,5000.0,5000.0,1010.47,704.308,5000.0,5000.0,114.228,5000.0,4444.22,28.5847,160.278,160.203,1584.68,5000.0,783.296,3324.95,3371.18,106.401,1326.02,1705.67,121.974,115.053,2062.52,230.441,714.532
gss-17-s100.cnf,a5acf68fdb8596748ff1a3d5aad962ba,61.4427,118.149,59.386,148.019,56.2714,401.28,16.4135,106.905,81.2516,24.8832,181.98,87.9726,3.38748,11.8812,189.838,1938.4,250.096,185.145,69.3625,176.18,175.128,273.527,272.074,101.228,182.412,45.909,111.786,170.571,87.5807,585.529,888.285
gss-24-s100.cnf,790351bf154df794521d1ee020553727,2826.77,5000.0,5000.0,5000.0,5000.0,5000.0,5000.0,5000.0,5000.0,5000.0,5000.0,5000.0,5000.0,5000.0,5000.0,5000.0,5000.0,5000.0,5000.0,5000.0,5000.0,5000.0,5000.0,5000.0,5000.0,5000.0,2919.42,5000.0,5000.0,5000.0,5000.0
gss-23-s100.cnf,d47e6ce9b362e233b04697508dc1ae9c,5000.0,5000.0,5000.0,5000.0,5000.0,5000.0,5000.0,5000.0,5000.0,5000.0,5000.0,5000.0,5000.0,5000.0,5000.0,5000.0,861.048,861.84,5000.0,5000.0,5000.0,5000.0,5000.0,442.111,5000.0,5000.0,4913.23,5000.0,5000.0,5000.0,5000.0
ACG-20-5p1.cnf,8eb175d312e8be3bb4695a79b8f45bdc,1541.45,296.991,767.27,814.264,1598.62,617.648,2030.74,848.98,1837.92,1590.94,282.237,407.617,1442.38,1046.1,1076.92,5000.0,918.912,917.639,2527.23,874.194,3505.74,2064.69,2032.9,356.146,329.811,901.932,790.414,1240.91,1610.41,5000.0,5000.0
UR-20-5p1.cnf,c530016627d60451f148c386bba0e9bf,2451.24,764.459,1423.42,1222.72,1669.21,992.919,1320.99,1169.6,638.37,1560.31,335.076,550.34,847.277,830.008,1530.23,5000.0,846.522,839.528,1187.68,846.007,1121.71,1176.01,1173.45,343.191,786.425,3286.4,610.933,848.696,1568.9,5000.0,2614.21
UTI-20-5p1.cnf,10eca282b9263f77903cd90a479b46ee,1235.73,923.007,1638.89,351.26,793.36,507.805,588.967,1222.27,1175.5,1258.09,255.832,438.533,486.458,375.036,990.048,5000.0,758.173,448.444,385.191,162.77,558.079,557.937,539.314,258.41,1108.4,5000.0,1211.84,494.285,1456.1,2896.38,2204.43
gss-25-s100.cnf,ee84449b248eb58056a5effe5695d584,5000.0,5000.0,5000.0,5000.0,5000.0,5000.0,5000.0,5000.0,5000.0,5000.0,5000.0,5000.0,5000.0,5000.0,5000.0,5000.0,5000.0,5000.0,5000.0,5000.0,2237.76,5000.0,5000.0,5000.0,5000.0,5000.0,5000.0,5000.0,5000.0,5000.0,5000.0
UTI-15-10p1.cnf,95ee3bccf00be0d94959b7512fd434b4,135.531,538.161,242.635,193.56,415.017,155.572,295.944,300.929,269.406,242.82,260.496,238.944,107.001,173.357,310.056,1942.81,225.509,346.366,162.763,176.415,278.633,161.642,169.551,189.29,381.121,657.357,97.7621,230.511,277.232,2805.54,890.297
b04_s_unknown.cnf,58dc93c46b05af12f6d535d49a92aaad,5000.0,5000.0,5000.0,5000.0,5000.0,5000.0,2189.15,5000.0,5000.0,5000.0,2357.03,5000.0,1956.06,5000.0,2942.01,5000.0,5000.0,5000.0,5000.0,5000.0,5000.0,5000.0,5000.0,5000.0,2235.33,3064.45,5000.0,5000.0,5000.0,5000.0,5000.0
UR-20-10p1.cnf,6ace5cfbe110f1a43049037cb7432998,5000.0,5000.0,5000.0,5000.0,5000.0,5000.0,5000.0,2486.6,5000.0,5000.0,4036.12,4439.09,5000.0,5000.0,4452.12,5000.0,3654.3,3657.8,5000.0,5000.0,5000.0,5000.0,5000.0,3210.93,2691.43,5000.0,5000.0,5000.0,5000.0,5000.0,5000.0
ndhf_xits_21_SAT.cnf,03a36a0e1b9af8e7c30a29a92e02302e,632.957,5.02423,6.01308,67.0188,47.8607,6.03608,6.19106,65.3171,9.13561,9.24959,3.47447,5.13522,5.07523,142.789,5.34819,6.94394,167.663,121.025,10.7184,1023.41,9.53355,18.1502,18.1302,3.63245,1.61575,1808.19,5.74413,5.80712,16.6055,27.7278,600.475
rbcl_xits_14_SAT.cnf,0678a0ef5b4345961915559db9bf689b,5.14722,17.7583,0.696893,75.6285,26.629,0.876865,1.91871,3.67444,1.9537,1.55176,17.1664,9.31258,1.15982,59.2,0.667897,3.2875,58.4771,62.4455,2.56761,5000.0,2.78058,2.57961,6.02708,2.66259,1.64675,5000.0,2.11668,1.57276,2.09068,6.31304,2.97055
b04_s_unknown_pre.cnf,34d558ef111eed0f545a21fe42317ac8,538.548,339.497,2257.72,414.087,2106.36,1134.85,139.545,876.835,1063.58,421.149,208.73,1321.32,359.435,181.932,224.822,624.325,716.698,719.299,597.915,316.247,622.331,447.533,450.567,246.48,388.458,3429.68,643.955,2681.49,385.969,519.141,853.462
AProVE09-06.cnf,d6f6073d38b29a9cff1f80910bc0501b,991.614,1299.49,2438.51,1189.65,818.125,2455.67,868.288,863.836,1471.65,1830.23,731.299,2944.94,907.332,760.117,791.182,1366.22,1165.08,1166.22,629.301,1311.69,1097.76,817.498,1471.4,738.734,846.962,5.61215,645.097,1462.87,1218.53,1755.3,2602.36
b04_s_2_unknown_pre.cnf,3d6547839860e628a0bd683c0666d3ed,5000.0,5000.0,5000.0,5000.0,5000.0,5000.0,5000.0,5000.0,5000.0,5000.0,5000.0,5000.0,5000.0,5000.0,5000.0,5000.0,4196.6,4130.35,5000.0,5000.0,5000.0,5000.0,5000.0,3829.11,5000.0,5000.0,5000.0,5000.0,5000.0,5000.0,5000.0
velev-pipe-sat-1.0-b7.cnf,612845a855119304b698a4b55aed3089,1240.61,172.031,63.5633,22.1886,76.7763,192.059,82.7004,175.754,94.9176,241.013,169.53,738.776,237.753,129.291,96.7463,12.2381,609.803,786.917,2011.42,502.895,216.023,730.192,413.138,67.0678,180.949,5000.0,146.05,118.207,322.102,5000.0,837.709
vmpc_32.renamed-as.sat05-1919.cnf,833432e05c2a1599e13dca28680b5df9,5000.0,4024.17,1367.57,604.995,228.837,5000.0,5000.0,5000.0,81.8935,2568.85,4147.6,612.777,39.264,777.285,1012.68,913.234,1141.67,907.053,3782.4,5000.0,2038.77,435.228,437.481,5000.0,4011.56,5000.0,3482.11,467.081,5000.0,2931.54,639.312
aaai10-planning-ipc5-pathways-17-step21.cnf,4f6c74152fcb90409ea0105b51afa3bd,5000.0,118.684,1087.55,91.2231,85.9639,1146.19,1586.72,5000.0,3036.25,5000.0,622.814,158.182,496.682,5000.0,2897.87,5000.0,1113.29,326.91,1691.69,4484.68,5000.0,658.028,658.756,682.319,622.139,752.8,2520.51,2267.76,386.783,3114.66,1253.21
aaai10-planning-ipc5-TPP-30-step11.cnf,9bfe4b40d3567ce3687a43a15fbd33eb,73.9887,141.418,179.968,50.3923,187.526,77.8392,101.774,81.9755,66.2989,133.565,124.862,56.6034,24.0623,96.3574,111.41,454.95,261.915,400.402,182.619,93.3108,73.5298,54.6817,105.128,198.053,224.653,242.316,53.8078,23.4644,177.467,284.291,631.683
smtlib-qfbv-aigs-servers_slapd_a_vc149789-tseitin.cnf,9fe9fe24bc28c127c9f6b6416a14f727,13.9849,5.98309,7.52485,3582.29,1941.07,1.85372,612.315,2888.8,907.394,3680.29,5000.0,5000.0,5000.0,4576.15,1.60675,2528.0,5000.0,1929.36,4666.82,3020.89,4.96225,12.883,15.0477,1443.59,1052.89,1.9527,1.73873,1.68974,2.11168,2525.05,1405.04
