Instance,MD5,glue_bit,gluebit_lgl,GlucoRed,Nigma,Nigma-NoPB,Solver43a,Solver43b,forl,strangenight,relback (not competing),gluH,ZENN,MIPSat,SAT4J,CSHCapplLG,CSHCapplLC,Riss3g,satUZK,gluH_simp,BreakIDGlucose,ShatterGlucose,Lingeling,Lingeling,minipure,glucose,glueminisat,Riss3g,sattimeRelbackShr,RSeq
smtlib-qfbv-aigs-ext_con_032_008_0256-tseitin.cnf,ee9a3768141236efcc4a858e8f92a7e9,0.314952,2.85157,1.24181,5000.0,5000.0,5000.0,5000.0,84.3012,44.8072,0.314951,0.356945,67.6177,42.8685,5000.0,10.4944,50.1704,5000.0,0.374942,5000.0,5000.0,5000.0,3.80942,1.38679,5000.0,5000.0,5000.0,5000.0,443.407,858.37
smtlib-qfbv-aigs-lfsr_004_127_112-tseitin.cnf,a78f49949ed32c6f8eea9d5e428c909d,41.6327,46.8019,5.32819,13.471,12.6291,97.3982,104.823,307.267,175.722,911.722,923.933,6.12407,941.938,1123.21,968.161,580.903,7.03793,1264.87,10.7004,10.1115,10.4114,70.6353,42.6325,4.03239,5.03423,5.47617,6.08108,1543.89,1197.5
hwmcc10-timeframe-expansion-k50-pdtpmsns2-tseitin.cnf,9059f458d76edcc4dc5681746a6de6e5,545.176,728.709,804.032,857.683,701.892,1179.61,854.908,402.3,306.282,745.663,551.264,664.104,223.246,5000.0,822.913,328.686,604.564,1604.48,1089.4,777.954,825.117,377.962,438.028,5000.0,595.317,482.946,748.72,5000.0,4780.74
hwmcc10-timeframe-expansion-k45-pdtpmsgoodbakery-tseitin.cnf,3fad4722cb319d6fee4192f2fe2c31ed,313.638,293.212,260.041,479.126,501.487,330.528,248.399,166.066,218.981,176.901,270.329,317.663,216.691,5000.0,327.673,275.712,175.104,1031.07,321.375,251.094,256.602,171.551,275.42,5000.0,199.878,253.756,271.126,1594.48,1462.67
hwmcc10-timeframe-expansion-k45-pdtvissoap1-tseitin.cnf,a4c7dbdc89378b1335eea4904f9f5cb5,379.874,338.654,374.083,806.025,790.726,555.118,467.569,270.73,171.494,272.391,274.191,318.676,168.041,5000.0,234.674,200.043,234.477,4036.76,321.488,339.598,348.17,174.456,258.996,5000.0,327.126,203.315,448.355,1897.19,1500.4
hitag2-8-60-0-0x880693399044612-25-SAT.cnf,aeee00b058006df18ef300029383e8fc,5000.0,445.922,5000.0,5000.0,5000.0,5000.0,5000.0,5000.0,2933.45,5000.0,5000.0,5000.0,5000.0,5000.0,5000.0,5000.0,5000.0,3789.06,5000.0,5000.0,5000.0,5000.0,1375.15,1683.5,5000.0,5000.0,5000.0,5000.0,5000.0
transport-transport-three-cities-sequential-14nodes-1000size-4degree-100mindistance-4trucks-14packages-2008seed.020-NOTKNOWN.cnf,5d1253e2dcc0e3e55992672756beadbc,5000.0,5000.0,5000.0,5000.0,5000.0,3652.86,5000.0,2226.42,3021.38,5000.0,5000.0,5000.0,5000.0,5000.0,5000.0,5000.0,3597.13,5000.0,4825.86,1972.06,1931.58,5000.0,5000.0,5000.0,5000.0,1538.4,3378.2,5000.0,5000.0
hitag2-8-60-0-0xfba1a41b5dfd7f7-52.cnf,0ab64eaff80e0a5514ff8980890265d0,5000.0,5000.0,5000.0,5000.0,5000.0,5000.0,5000.0,5000.0,5000.0,5000.0,5000.0,5000.0,5000.0,5000.0,5000.0,4153.92,5000.0,5000.0,5000.0,5000.0,5000.0,4109.92,3809.87,5000.0,5000.0,5000.0,5000.0,5000.0,5000.0
slp-synthesis-aes-top26.cnf,7ecd2f8efd83504268f0a96fa44f6fe7,5000.0,5000.0,5000.0,5000.0,5000.0,5000.0,5000.0,5000.0,5000.0,5000.0,5000.0,5000.0,3759.31,5000.0,5000.0,5000.0,5000.0,3692.94,5000.0,5000.0,5000.0,5000.0,5000.0,5000.0,5000.0,5000.0,5000.0,5000.0,5000.0
slp-synthesis-aes-bottom14.cnf,7af4cc1b94644f101ccf5f2373fdbfea,621.92,1635.25,5000.0,5000.0,5000.0,204.483,919.419,2628.31,5000.0,5000.0,5000.0,1220.43,916.982,5000.0,5000.0,1749.3,510.403,5000.0,5000.0,4175.93,4151.63,5000.0,5000.0,5000.0,2313.88,2629.95,5000.0,716.12,1162.59
slp-synthesis-aes-bottom13.cnf,f3c2fb082f5fbc8fb1f714d6ee13929d,253.973,86.2449,5000.0,5000.0,210.081,29.6195,94.4896,185.248,24.3143,216.512,1568.56,155.98,145.399,5000.0,1041.63,470.477,155.775,4282.29,862.299,5000.0,5000.0,815.483,2142.16,213.374,218.282,887.34,2996.56,388.775,5000.0
gus-md5-08.cnf,bf371ee8533d9890061ee05552bf96f1,283.214,230.04,176.564,260.429,163.914,470.494,392.512,164.717,82.3675,305.742,337.996,190.773,91.0332,2317.48,287.99,134.623,220.005,145.444,436.001,252.273,298.923,189.259,181.64,129.313,296.334,294.617,358.731,687.418,912.643
transport-transport-city-sequential-35nodes-1000size-4degree-100mindistance-4trucks-14packages-2008seed.030-NOTKNOWN.cnf,fce318b20c1a474ab81b77594d3f6f99,4206.27,481.085,3254.57,5000.0,4502.87,3597.85,1586.73,612.053,1325.11,1588.0,866.37,3391.66,1677.99,5000.0,5000.0,5000.0,917.539,5000.0,1034.75,1203.27,1227.22,5000.0,3354.99,5000.0,1141.95,683.209,1565.54,5000.0,2191.81
transport-transport-three-cities-sequential-14nodes-1000size-4degree-100mindistance-4trucks-14packages-2008seed.030-NOTKNOWN.cnf,c6d3480970bb2819448dd0a800a3cf1c,5000.0,5000.0,5000.0,5000.0,5000.0,5000.0,5000.0,4533.56,5000.0,5000.0,5000.0,5000.0,5000.0,5000.0,5000.0,5000.0,5000.0,5000.0,5000.0,5000.0,5000.0,5000.0,5000.0,5000.0,5000.0,5000.0,2086.66,5000.0,5000.0
arcfour_initialPermutation_6_14.cnf,4ee0eadfdf7df4b199b4080bd84f9235,486.218,402.638,783.762,541.483,547.036,498.019,482.793,449.948,436.006,479.784,563.212,408.484,380.162,1272.38,813.59,817.906,492.332,538.758,920.717,1.43778,5000.0,352.947,417.738,604.472,501.899,487.879,536.864,1163.33,1189.14
9dlx_vliw_at_b_iq9.cnf,9a43349587a435e7109b46b3aceb156e,3482.48,3463.7,4107.29,4703.0,5000.0,4063.62,3718.63,4492.15,3467.11,4527.87,4517.8,4166.96,5000.0,5000.0,4523.54,4392.06,4124.86,5000.0,3261.66,3021.45,3220.29,3493.75,5000.0,5000.0,3835.94,2211.02,3896.58,5000.0,5000.0
arcfour_initialPermutation_5_32.cnf,1d1f96fc6fc32d1d0b2f857c1940751b,5000.0,5000.0,5000.0,5000.0,5000.0,5000.0,5000.0,5000.0,5000.0,5000.0,5000.0,5000.0,5000.0,5000.0,5000.0,5000.0,5000.0,5000.0,5000.0,0.313951,5000.0,5000.0,5000.0,5000.0,5000.0,5000.0,5000.0,5000.0,5000.0
arcfour_initialPermutation_6_16.cnf,704e8012d8e15db1c118cecd8b08b401,1784.95,2324.2,3482.21,2213.26,2187.86,1964.64,1996.48,1985.64,1764.08,1821.4,2528.64,1690.14,4188.96,5000.0,1904.99,1913.69,1963.13,2170.53,2105.18,1.43878,5000.0,1478.76,1591.48,2018.58,1796.06,2202.47,1831.83,4825.58,2920.23
transport-transport-city-sequential-25nodes-1000size-3degree-100mindistance-3trucks-10packages-2008seed.060-SAT.cnf,0176f3dd09fed1b561c875e1d6538c8d,114.147,368.868,1575.4,1795.78,327.645,229.689,405.117,858.005,5000.0,481.497,336.449,1588.49,1380.09,5000.0,1088.41,5000.0,328.545,125.426,462.753,117.429,125.002,1950.5,261.113,5000.0,230.067,1880.8,276.974,5000.0,1310.83
hitag2-8-60-0-0xdcdbc8bf368ee73-37.cnf,6a5255ba747fda42385aa05246a2e547,5000.0,5000.0,5000.0,5000.0,5000.0,5000.0,5000.0,5000.0,4917.65,5000.0,5000.0,5000.0,5000.0,5000.0,5000.0,3385.13,5000.0,5000.0,5000.0,5000.0,5000.0,3122.82,2442.06,2392.82,5000.0,5000.0,5000.0,5000.0,5000.0
arcfour_initialPermutation_6_24.cnf,bed80a314b64134e49dd5961834beb4d,5000.0,5000.0,5000.0,5000.0,5000.0,5000.0,5000.0,5000.0,5000.0,5000.0,5000.0,5000.0,5000.0,5000.0,5000.0,5000.0,5000.0,5000.0,5000.0,1.43978,5000.0,5000.0,5000.0,5000.0,5000.0,5000.0,5000.0,5000.0,5000.0
beempgsol2b1.cnf,de7b5a6e3d1bd3b9bba95b9e04a1bea1,160.645,127.634,122.441,5000.0,5000.0,5000.0,2539.68,99.8868,73.4458,196.38,127.828,251.866,202.709,5000.0,525.1,120.619,136.86,1914.09,144.453,134.156,134.005,5000.0,5000.0,5000.0,95.0615,120.49,191.439,5000.0,5000.0
hitag2-8-60-0-0xa3b8497b8aad6d7-42.cnf,b4ee341ad808f2644dcdfb00d944fc03,5000.0,5000.0,5000.0,5000.0,5000.0,5000.0,5000.0,5000.0,5000.0,5000.0,5000.0,5000.0,5000.0,5000.0,3748.14,3742.05,5000.0,5000.0,5000.0,5000.0,5000.0,3501.09,2283.5,3504.2,5000.0,5000.0,5000.0,5000.0,5000.0
transport-transport-city-sequential-35nodes-1000size-4degree-100mindistance-4trucks-14packages-2008seed.040-NOTKNOWN.cnf,ce0d180356398dfbcfd2bbbb1cb3f9e5,625.894,634.197,4140.52,5000.0,5000.0,4707.22,4644.18,5000.0,5000.0,1603.11,5000.0,5000.0,1768.21,5000.0,3331.65,5000.0,801.457,5000.0,5000.0,4397.39,4450.15,5000.0,5000.0,5000.0,4309.41,3967.71,4723.81,5000.0,2199.2
openstacks-sequencedstrips-nonadl-nonnegated-os-sequencedstrips-p30_3.085-SAT.cnf,f7484730351dc4088fd78fcb35b09c62,17.5933,295.816,41.8096,32.772,361.51,38.8481,44.6702,91.1311,99.2759,48.8446,66.5729,41.3707,138.648,446.646,172.214,581.19,15.8076,10.2294,17.3854,176.706,27.3348,17.0894,26.458,5000.0,7.56685,34.4228,12.3601,5000.0,960.522
arcfour_initialPermutation_6_40.cnf,31743001e16b6e164f0fd54bb1facb65,5000.0,5000.0,5000.0,5000.0,5000.0,5000.0,5000.0,5000.0,5000.0,5000.0,5000.0,5000.0,5000.0,5000.0,5000.0,5000.0,5000.0,5000.0,5000.0,1.42378,5000.0,5000.0,5000.0,5000.0,5000.0,5000.0,5000.0,5000.0,5000.0
E02F20.cnf,3e5703cd522988fbb05dcac3c4dbbe9d,222.778,225.364,193.651,85.704,96.0904,113.66,217.702,310.762,414.546,18.2452,151.85,85.668,187.819,296.238,115.427,383.067,103.678,145.844,148.538,95.1925,97.1182,57.7492,730.872,63.0144,90.7282,76.0614,270.666,972.093,746.333
arcfour_initialPermutation_6_64.cnf,a53911f9eecf57f3cc2e54a74a22ff99,5000.0,5000.0,5000.0,5000.0,5000.0,5000.0,5000.0,5000.0,5000.0,5000.0,5000.0,5000.0,5000.0,5000.0,5000.0,5000.0,5000.0,5000.0,5000.0,1.51677,5000.0,5000.0,5000.0,5000.0,5000.0,5000.0,5000.0,5000.0,5000.0
E02F22.cnf,0b29cb9f2e17f3e05b66912497d8cb84,261.658,549.785,758.527,1019.58,827.826,447.796,179.545,374.178,5000.0,116.631,156.504,1132.61,133.156,455.41,629.63,1124.87,73.8998,304.561,574.074,392.941,383.032,669.867,450.987,662.297,644.634,723.703,1420.38,5000.0,640.466
E04F19.cnf,724ced5489ef7e836f9b05218003acd5,302.349,61.8176,56.8084,50.8103,25.7031,79.173,55.8645,80.7887,235.999,18.2122,16.4375,58.2801,9.8295,47.5228,164.874,313.946,22.3146,102.001,29.1486,74.9276,75.0396,111.165,44.1173,37.8732,51.3622,72.24,69.1515,430.703,606.857
dated-5-19-u.cnf,3be331331884289c55e55acdeed55dc7,5000.0,5000.0,5000.0,5000.0,5000.0,3502.67,5000.0,5000.0,5000.0,4674.62,5000.0,5000.0,4813.4,5000.0,5000.0,5000.0,4029.76,5000.0,5000.0,5000.0,5000.0,5000.0,5000.0,5000.0,5000.0,3276.21,5000.0,5000.0,5000.0
bob12s04.cnf,a7bd06f6d475655b73ad1a8f15d9a566,210.64,5000.0,1209.13,4419.85,5000.0,5000.0,5000.0,5000.0,5000.0,205.367,228.079,603.044,210.31,5000.0,1478.27,5000.0,429.119,244.309,721.223,873.291,722.78,5000.0,4356.21,637.442,711.765,540.63,942.77,5000.0,5000.0
q_query_3_L70_coli.sat.cnf,7fc9b20f0efe1e9457bd61eba8178674,32.829,53.5859,43.5644,134.181,122.235,57.9322,43.3374,119.396,238.007,29.4645,36.1825,49.5385,167.355,825.476,120.984,353.609,81.7716,60.2608,37.0184,253.458,39.9609,70.4503,142.743,131.173,36.2525,31.1533,67.8057,340.672,751.079
gss-22-s100.cnf,24798725911435c97d1fdfc6d6057704,5000.0,1375.85,5000.0,5000.0,5000.0,5000.0,5000.0,1895.53,2373.96,5000.0,5000.0,5000.0,127.559,5000.0,1862.3,1863.18,1563.22,5000.0,5000.0,5000.0,5000.0,1477.01,5000.0,5000.0,5000.0,5000.0,5000.0,5000.0,5000.0
gss-21-s100.cnf,4088fb63f552da21c0e8cd91f519e724,3339.03,750.425,5000.0,4938.94,2921.3,5000.0,4703.56,2350.22,1351.59,5000.0,1449.12,4958.92,889.656,5000.0,5000.0,5000.0,3051.0,5000.0,3080.83,5000.0,5000.0,5000.0,573.931,3099.23,300.048,740.808,3129.73,5000.0,5000.0
hitag2-8-60-0-0xb2021557d918860-94.cnf,1b81e621ed8f53344c5cf5bcf85cb4de,5000.0,5000.0,5000.0,5000.0,5000.0,5000.0,5000.0,5000.0,5000.0,5000.0,5000.0,5000.0,5000.0,5000.0,5000.0,4719.75,5000.0,5000.0,5000.0,5000.0,5000.0,4508.24,4333.84,3288.43,5000.0,5000.0,5000.0,5000.0,5000.0
UCG-15-10p1.cnf,484dad50fb275faff8eff92c4d5447cb,807.477,1264.09,838.964,995.676,1502.72,3584.41,1262.1,333.166,668.504,522.822,1286.07,841.652,696.517,5000.0,786.371,779.171,1549.34,1455.1,1911.36,1000.44,1048.94,295.964,368.811,716.601,966.723,1419.94,1476.73,3217.28,991.296
vmpc_34.cnf,a27d41b3e10d867544cd2bff7d005be2,61.6506,2410.85,5000.0,406.162,5000.0,674.011,678.333,5000.0,136.096,5000.0,5000.0,3165.66,4505.74,5000.0,1124.26,5000.0,1924.24,3656.62,5000.0,400.477,403.361,5000.0,5000.0,5000.0,337.103,610.419,652.262,1208.66,5000.0
UTI-20-10p1.cnf,9573f6b4001373bab93d1a02f96820d1,2451.72,3119.38,1691.95,3261.53,2953.71,3201.09,2569.21,622.694,843.284,1871.17,1962.27,1450.8,1324.08,5000.0,2144.86,2148.61,1837.58,5000.0,3236.05,1962.68,1938.92,1657.24,1953.4,5000.0,2455.09,1733.08,2998.03,5000.0,2999.44
countbitssrl032.cnf,5bb6e70c95bda454f634cd586084908b,228.733,584.188,322.911,993.446,801.432,471.779,418.039,386.507,600.593,449.08,355.507,417.594,698.897,5000.0,805.004,805.374,341.433,1693.03,672.977,389.609,393.528,392.558,392.164,2675.92,360.579,691.047,543.65,5000.0,5000.0
ndhf_xits_19_UNKNOWN.cnf,4cf2a693df1b6e5a084b88e84ec5f2af,5000.0,404.931,363.141,472.419,17.2994,334.969,112.628,846.343,220.536,587.412,5000.0,1309.3,124.519,455.396,589.047,314.999,314.416,5000.0,366.627,121.706,120.563,48.5926,1.40579,5000.0,18.1532,613.619,74.2777,630.711,903.803
maxor128.cnf,e050fe11c7c50ba82ac7126f49db3c10,5000.0,5000.0,3239.89,4879.94,4476.1,4502.61,4160.21,5000.0,5000.0,5000.0,5000.0,5000.0,5000.0,5000.0,3037.48,3027.03,5000.0,5000.0,5000.0,5000.0,5000.0,2543.99,4487.17,5000.0,5000.0,4486.31,5000.0,5000.0,5000.0
maxxor032.cnf,e1a6f3a7c69cc7fbec84aac478eb151a,172.049,782.82,35.8775,789.959,347.31,210.673,203.737,47.7127,46.035,192.504,241.423,84.7831,489.38,5000.0,188.744,88.1126,150.429,2508.34,284.185,222.17,216.783,167.136,285.929,5000.0,91.912,62.1755,249.699,3338.79,1394.56
maxxor064.cnf,902b28046d424b16042ca612ddad48e0,1577.04,5000.0,459.678,5000.0,5000.0,4998.04,3039.82,1516.9,1016.67,4556.4,4868.84,3021.33,5000.0,5000.0,2597.77,2565.05,1731.86,5000.0,5000.0,3850.76,3867.5,2248.28,5000.0,5000.0,1689.04,974.767,2762.24,5000.0,5000.0
ctl_4291_567_11_unsat_pre.cnf,6b0e3f91a5898256b5fe6d23163fd1c9,5000.0,5000.0,5000.0,5000.0,5000.0,5000.0,5000.0,5000.0,5000.0,5000.0,5000.0,5000.0,5000.0,5000.0,5000.0,5000.0,5000.0,5000.0,5000.0,5000.0,5000.0,5000.0,5000.0,5000.0,5000.0,5000.0,5000.0,5000.0,5000.0
velev-pipe-sat-1.0-b9.cnf,bb86eb13126177e1b128fa3186a4972b,2.82557,39.593,97.5292,88.2466,87.2567,36.2795,33.8129,66.9948,500.45,6.02908,3.3085,104.162,82.7374,449.59,539.195,820.172,47.9437,9.68653,101.127,731.286,314.658,30.0954,49.1875,114.403,35.4286,102.378,298.227,5000.0,605.827
6s103.cnf,cc9b5c12434644017aea4b04e2d88a8a,4654.58,5000.0,5000.0,5000.0,5000.0,5000.0,5000.0,5000.0,5000.0,4365.73,4462.51,5000.0,5000.0,5000.0,5000.0,5000.0,5000.0,5000.0,5000.0,5000.0,5000.0,5000.0,5000.0,5000.0,5000.0,5000.0,5000.0,5000.0,5000.0
ACG-20-5p1.cnf,8eb175d312e8be3bb4695a79b8f45bdc,814.264,1598.62,617.648,2030.74,848.98,1837.92,1590.94,282.237,407.617,1442.38,1046.1,1076.92,524.922,5000.0,918.912,917.639,2527.23,874.194,3505.74,2064.69,2032.9,356.146,329.811,901.932,790.414,1240.91,1610.41,5000.0,5000.0
9vliw_m_9stages_iq3_C1_bug6.cnf,0e9412385af2433f77994a2100fac3f8,64.3432,79.2799,70.2053,383.243,131.111,64.9881,64.6452,234.858,429.748,44.7632,24.6483,66.5459,491.094,252.428,577.295,975.948,262.351,28.3177,83.8782,238.689,235.989,113.981,115.388,90.4013,40.7618,89.6544,195.585,45.6301,44.0233
AProVE07-03.cnf,8c77a392a867268ecc0719c3f8c74f13,78.601,316.38,680.267,1603.78,1660.98,806.229,323.646,971.332,540.243,476.173,207.388,223.201,688.618,4489.62,664.912,1119.69,155.07,1869.79,320.242,191.277,191.356,557.974,338.109,362.105,192.163,335.215,207.83,1625.95,1208.95
dated-10-11-u.cnf,696c4f91b3f887adc571cf2a229f67b7,686.249,387.908,572.647,992.919,1396.01,561.96,420.749,307.476,301.607,651.746,653.872,395.481,186.887,2659.48,756.775,341.413,318.779,2401.85,989.881,538.467,544.302,331.908,639.794,1557.24,404.124,260.64,726.232,4409.05,2707.01
partial-10-17-s.cnf,f72920912a1bb14f90e9fea5dee0ec1c,5000.0,5000.0,5000.0,5000.0,5000.0,5000.0,3450.86,5000.0,116.706,5000.0,3047.07,5000.0,92.362,5000.0,5000.0,346.296,5000.0,5000.0,5000.0,5000.0,5000.0,5000.0,4921.63,5000.0,5000.0,5000.0,5000.0,5000.0,5000.0
velev-vliw-uns-4.0-9.cnf,0c9a15d0f561e9d1bb438b04ae3c31af,146.211,5000.0,237.481,160.461,218.083,204.171,196.182,541.892,373.274,155.128,150.848,129.847,510.985,1607.82,224.051,837.638,373.689,3696.23,127.349,159.714,167.128,356.81,405.212,5000.0,116.888,90.6282,424.68,2349.24,779.58
grieu-vmpc-31.cnf,ed08712c88c581f81b2a3952fd4c066d,881.844,40.6238,266.965,58.1512,5000.0,54.1438,1837.57,5000.0,5000.0,604.071,544.024,1249.88,1918.95,5000.0,1055.17,3898.22,404.804,1419.9,5000.0,1494.63,1493.18,5000.0,1765.47,5000.0,2718.0,962.837,311.814,3585.27,1202.93
ACG-15-10p1.cnf,4f02dda0c6b1f76f43bce732093e4f1f,1680.07,2961.76,2142.98,1459.86,1246.58,3719.93,1575.3,540.19,1234.66,1850.01,1737.38,1536.1,985.199,5000.0,940.94,933.172,1668.8,1842.47,2615.47,1905.46,1897.79,416.113,357.833,2352.58,1949.61,1260.01,3709.72,5000.0,4215.09
bob12m06.cnf,6db02f0bedf1a4caeadf2eb6379ba0d8,2571.3,5000.0,2931.45,5000.0,5000.0,5000.0,5000.0,5000.0,5000.0,3227.52,2962.9,2584.21,4282.17,5000.0,5000.0,5000.0,5000.0,5000.0,4413.84,3894.44,2929.1,5000.0,5000.0,5000.0,2988.3,4072.57,3148.66,5000.0,5000.0
6s19.cnf,6d6ea0b1f1ea02616a3d7384af6eed39,363.736,479.568,1224.22,2796.59,2275.91,1371.35,1297.01,1322.47,1663.95,936.175,535.9,943.581,1853.35,5000.0,931.38,4481.25,595.069,4657.03,530.431,582.833,653.02,4134.23,5000.0,5000.0,469.574,736.12,491.401,5000.0,3441.61
6s20.cnf,689a7b68f4b625b382e197fd942984cf,1369.92,5000.0,1085.07,2929.01,3117.02,4729.85,4145.55,3156.42,5000.0,3379.58,2659.92,2297.07,2974.76,5000.0,3468.71,5000.0,2764.31,5000.0,2745.04,2536.2,2956.85,5000.0,5000.0,5000.0,2192.58,1497.65,4097.72,5000.0,5000.0
bob12m06.cnf,94225ea9deb2ccc903fa0924fb525604,2422.17,5000.0,3509.41,5000.0,5000.0,5000.0,5000.0,5000.0,5000.0,3301.49,3004.02,2470.17,4730.33,5000.0,5000.0,5000.0,1581.14,5000.0,2343.53,2413.43,5000.0,5000.0,5000.0,5000.0,2642.01,2721.86,2876.7,5000.0,5000.0
pb_400_03_lb_05.cnf,4d83f156f9efd1888ab96bbdbd99064f,1208.65,718.844,116.357,175.577,129.449,128.461,105.597,190.492,261.008,273.62,175.21,90.3313,1319.85,5000.0,291.777,688.216,105.708,696.496,222.577,183.019,182.901,177.19,194.953,5000.0,72.019,434.897,160.128,750.802,836.325
pb_400_09_lb_05.cnf,4b770873df270f9d20490c58122226d0,67.4637,162.89,214.916,56.0035,44.8612,53.4999,56.7904,82.9424,141.24,83.2613,46.6779,60.1679,603.528,175.921,200.269,689.137,78.3151,35.6186,74.1887,72.63,74.0507,177.336,173.964,5000.0,31.0113,294.573,64.1063,442.123,691.749
velev-npe-1.0-9dlx-b71.cnf,75d91f0ba4398ccb5b452707c0e7fa27,30.3024,47.4588,1168.46,337.571,219.8,30.4024,29.3075,4300.31,5000.0,1001.24,188.378,246.975,1921.91,966.715,546.49,945.428,660.365,375.922,547.489,236.983,839.082,83.3043,489.503,85.727,96.3284,2706.07,243.011,974.793,990.832
hitag2-7-60-0-0xc048b9ebae66e9d-32-SAT.cnf,852818d5597dad56589a08f3a1608737,3752.38,4244.57,4294.96,5000.0,5000.0,5000.0,5000.0,5000.0,1284.9,5000.0,5000.0,5000.0,5000.0,5000.0,5000.0,2365.84,581.807,5000.0,5000.0,5000.0,5000.0,2040.05,70.1203,917.291,5000.0,5000.0,5000.0,5000.0,5000.0
bob12s06.cnf,eef8c1a6df2eb38a7738ccc702be6bda,2601.68,5000.0,3043.44,5000.0,5000.0,5000.0,5000.0,5000.0,5000.0,3637.49,2948.97,3124.25,3191.25,5000.0,4986.15,5000.0,5000.0,5000.0,4426.5,4041.47,3618.05,5000.0,5000.0,5000.0,2551.44,3377.92,4045.93,5000.0,5000.0
bob12s02.cnf,0fb2494b397296cc706e5b20d7a79122,449.884,424.356,1913.1,5000.0,5000.0,3973.43,1860.15,5000.0,5000.0,1040.69,958.214,1541.93,1210.26,5000.0,2137.51,5000.0,1697.85,5000.0,718.036,2386.65,1931.5,5000.0,5000.0,5000.0,1067.3,5000.0,897.707,3461.08,2214.16
post-cbmc-zfcp-2.8-u2.cnf,7b60c21f3860c80136e9dddf32e6bdab,35.0007,70.8152,82.3025,3265.65,263.48,36.7584,34.8917,221.256,507.411,46.5429,43.0105,75.7525,548.423,180.568,5000.0,5000.0,163.387,98.551,79.7669,528.137,5000.0,225.339,199.154,89.5184,51.5492,80.5428,93.8317,45.2451,45.96
bob12s06.cnf,952d1a9274fe8625dff0e5e6d80e4a0d,2329.04,5000.0,3499.35,5000.0,5000.0,5000.0,5000.0,5000.0,5000.0,2819.89,2883.5,2374.08,3051.59,5000.0,5000.0,5000.0,5000.0,5000.0,3272.59,2771.12,5000.0,5000.0,5000.0,5000.0,2809.91,2584.57,2990.92,5000.0,5000.0
md5_47_3.cnf,3bb585fcdaeb772457dbcffd3371aab9,37.7763,353.732,1126.51,1678.39,407.384,951.1,671.325,127.68,298.038,2044.61,813.421,38.0222,128.431,953.844,179.347,77.2223,893.718,501.67,846.357,358.007,317.362,42.8375,191.179,567.134,168.577,39.8399,764.819,5000.0,5000.0
vmpc_36.renamed-as.sat05-1922.cnf,c9c90d9af49f4c08c7262ecb9a0b2a3d,121.757,3917.67,5000.0,5000.0,5000.0,5000.0,5000.0,5000.0,5000.0,5000.0,5000.0,5000.0,5000.0,5000.0,5000.0,5000.0,5000.0,5000.0,5000.0,5000.0,5000.0,5000.0,5000.0,5000.0,5000.0,5000.0,5000.0,5000.0,5000.0
vmpc_35.renamed-as.sat05-1921.cnf,5fda0e0fb8a21967728dfe29bf2d4ea5,23.0495,5000.0,2817.45,5000.0,5000.0,5000.0,5000.0,5000.0,5000.0,5000.0,660.544,5000.0,5000.0,5000.0,5000.0,5000.0,3490.07,5000.0,5000.0,5000.0,5000.0,5000.0,5000.0,5000.0,5000.0,3841.72,5000.0,5000.0,5000.0
hitag2-7-60-0-0x39ff85d4ef127de-52.cnf,0d89eced4fcac720430d1f4de9fda14d,5000.0,5000.0,5000.0,5000.0,5000.0,5000.0,5000.0,5000.0,5000.0,5000.0,5000.0,5000.0,5000.0,5000.0,3427.84,3431.19,5000.0,5000.0,5000.0,5000.0,5000.0,3172.95,2465.38,3453.15,5000.0,5000.0,5000.0,5000.0,5000.0
esawn_uw3.debugged.cnf,4e7daa3d49a343320151ab63a92adc02,252.08,311.946,5000.0,5000.0,5000.0,265.232,251.562,2992.01,5000.0,568.033,300.503,5000.0,5000.0,5000.0,5000.0,5000.0,5000.0,833.117,5000.0,5000.0,5000.0,329.139,199.098,5000.0,462.432,5000.0,5000.0,570.916,562.653
6s139.cnf,3af2030c8c40427bf22141a6cb78c2c5,3792.39,5000.0,5000.0,4535.9,5000.0,5000.0,5000.0,4522.04,5000.0,3296.86,2884.69,3367.33,4576.26,5000.0,5000.0,5000.0,3706.83,2811.35,4469.94,5000.0,5000.0,5000.0,4149.27,5000.0,5000.0,4480.53,5000.0,5000.0,5000.0
md5_48_4.cnf,d228b2e129f0cbe265f4cdbbbf6f09c8,227.358,5000.0,997.259,2128.72,5000.0,694.495,4939.07,159.754,95.9534,5000.0,344.053,63.1144,498.649,2624.46,618.836,188.684,1429.22,335.568,625.762,87.5757,1883.83,186.141,384.873,1067.36,542.916,55.5156,3895.34,5000.0,5000.0
UR-15-10p1.cnf,558e9ecf39a7773e94f4b47eef706f44,1055.47,1947.0,1564.62,2102.52,1718.93,2441.41,2716.18,638.838,740.667,2203.78,1418.06,1362.43,789.853,5000.0,866.265,862.612,1384.34,1327.3,1873.28,1511.72,1506.67,376.254,723.746,2665.36,1139.5,1421.96,2497.7,5000.0,3796.03
hitag2-7-60-0-0x5f8ec0ffa4b15c6-25.cnf,fd16fc7a1545cb4753ae020df57b6bd4,5000.0,5000.0,5000.0,5000.0,5000.0,5000.0,5000.0,5000.0,5000.0,5000.0,5000.0,5000.0,5000.0,5000.0,5000.0,3638.17,5000.0,5000.0,5000.0,5000.0,5000.0,3361.6,2498.59,3640.5,5000.0,5000.0,5000.0,5000.0,5000.0
E00X23.cnf,9cec6483d4ca03e8555377ba059b61ae,2770.57,2240.19,3414.69,5000.0,5000.0,3117.0,2770.53,5000.0,5000.0,4244.53,3178.38,5000.0,5000.0,5000.0,3695.03,5000.0,2924.09,5000.0,3250.86,3405.45,3375.28,5000.0,5000.0,5000.0,3233.73,3813.44,4663.91,5000.0,5000.0
hitag2-7-60-0-0xe97b5f1bee04d70-47.cnf,68726b5faa7075d7d888a3066ef06fd8,5000.0,5000.0,5000.0,5000.0,5000.0,5000.0,5000.0,5000.0,5000.0,5000.0,5000.0,5000.0,5000.0,5000.0,5000.0,3200.72,5000.0,5000.0,5000.0,5000.0,5000.0,2939.41,2659.08,3040.19,5000.0,5000.0,5000.0,5000.0,5000.0
vmpc_32.renamed-as.sat05-1919.cnf,833432e05c2a1599e13dca28680b5df9,604.995,228.837,5000.0,5000.0,5000.0,81.8935,2568.85,4147.6,612.777,39.264,777.285,1012.68,402.462,913.234,1141.67,907.053,3782.4,5000.0,2038.77,435.228,437.481,5000.0,4011.56,5000.0,3482.11,467.081,5000.0,2931.54,639.312
11pipe_11_ooo.cnf,f603f11fbfe855df381282b7bce010ea,5000.0,2832.27,2116.01,5000.0,5000.0,5000.0,5000.0,2936.89,4737.96,5000.0,5000.0,5000.0,5000.0,5000.0,3262.98,3279.83,5000.0,5000.0,5000.0,5000.0,5000.0,2798.81,5000.0,5000.0,5000.0,3956.14,5000.0,5000.0,5000.0
hitag2-10-60-0-0xfee9637399d85a2-78.cnf,b54a49d3d999a4594e18c345e70b4361,5000.0,5000.0,5000.0,5000.0,5000.0,5000.0,5000.0,5000.0,5000.0,5000.0,5000.0,5000.0,5000.0,5000.0,5000.0,3101.71,5000.0,5000.0,5000.0,5000.0,5000.0,2793.29,1677.91,2540.95,5000.0,5000.0,5000.0,5000.0,5000.0
aes_32_3_keyfind_1.cnf,278d646386a62d4f28f7fc390c5eab3e,4115.95,5000.0,5000.0,5000.0,5000.0,5000.0,5000.0,5000.0,5000.0,5000.0,275.798,2378.42,503.319,5000.0,1957.49,5000.0,1269.94,48.1797,5000.0,738.137,739.489,1591.36,590.773,246.588,248.315,5000.0,573.874,51.2782,2059.71
slp-synthesis-aes-top25.cnf,1d36146d5d79c91e0605a19242395228,5000.0,5000.0,5000.0,5000.0,5000.0,5000.0,5000.0,5000.0,1500.29,3162.31,5000.0,5000.0,5000.0,5000.0,5000.0,5000.0,5000.0,5000.0,5000.0,5000.0,5000.0,5000.0,5000.0,897.737,5000.0,5000.0,5000.0,5000.0,5000.0
minxorminand064.cnf,1394bf507e3ed448c81b5502d6550d78,60.6778,210.936,112.307,122.898,93.4218,142.849,133.479,204.987,134.521,250.756,138.585,227.024,597.363,888.402,263.411,235.628,166.56,95.5865,165.231,169.431,169.452,150.876,640.282,691.011,145.375,118.5,185.122,869.766,992.78
rbcl_xits_14_SAT.cnf,0678a0ef5b4345961915559db9bf689b,75.6285,26.629,0.876865,1.91871,3.67444,1.9537,1.55176,17.1664,9.31258,1.15982,59.2,0.667897,1.9657,3.2875,58.4771,62.4455,2.56761,5000.0,2.78058,2.57961,6.02708,2.66259,1.64675,5000.0,2.11668,1.57276,2.09068,6.31304,2.97055
hitag2-10-60-0-0xa04d664a73eac4d-66.cnf,01aca16b935575068eaddec12d081eaa,5000.0,5000.0,5000.0,5000.0,5000.0,5000.0,5000.0,5000.0,5000.0,5000.0,5000.0,5000.0,5000.0,5000.0,4307.22,4319.78,5000.0,5000.0,5000.0,5000.0,5000.0,4106.05,3476.36,3740.87,5000.0,5000.0,5000.0,5000.0,5000.0
aes_64_1_keyfind_1.cnf,9e18e0ee8a56ea2c59fe8e682ff6c747,5000.0,47.7677,5000.0,5000.0,5000.0,5000.0,5000.0,5000.0,1034.73,5000.0,5000.0,516.357,5000.0,5000.0,20.5459,1443.19,1853.27,2413.37,5000.0,3942.55,3904.31,5000.0,1339.79,449.864,5000.0,2204.27,5000.0,5000.0,5000.0
hitag2-10-60-0-0x8edc44db7837bbf-65.cnf,6deaeb073bc9c41597efe8389ae520e0,5000.0,5000.0,5000.0,5000.0,5000.0,5000.0,5000.0,5000.0,4845.38,5000.0,5000.0,5000.0,5000.0,5000.0,5000.0,2619.2,5000.0,5000.0,5000.0,5000.0,5000.0,2309.91,2020.16,2293.31,5000.0,5000.0,5000.0,5000.0,5000.0
md5_48_1.cnf,21923a69386e0f7043d9b5a4a577566f,37.7853,422.436,2086.75,913.592,103.139,43.2464,453.329,100.201,40.0439,1166.04,1884.45,173.407,2798.18,674.828,496.051,164.014,48.2357,57.0543,768.012,386.278,1772.84,58.2961,177.653,633.714,3778.77,544.421,626.396,5000.0,1472.68
E00N23.cnf,1a1f0dddf727883e0973677dd00e9269,3174.8,3713.68,5000.0,5000.0,5000.0,4851.28,4662.02,5000.0,5000.0,5000.0,3862.07,5000.0,5000.0,5000.0,4695.47,5000.0,4556.55,5000.0,4707.15,4119.57,4134.71,5000.0,5000.0,5000.0,4884.63,5000.0,5000.0,5000.0,5000.0
md5_47_4.cnf,b0a37265834986ac9165bda379d279fd,258.126,172.952,467.603,953.788,198.841,1204.96,355.245,91.897,41.9666,2218.76,407.117,19.407,1910.92,329.391,273.771,105.381,358.126,102.564,1001.46,1453.14,3204.09,66.1159,89.2954,53.5369,163.605,82.3705,2613.33,4811.65,2033.0
bivium-39-200-0s0-0xdcfb6ab71951500b8e460045bd45afee15c87e08b0072eb174-43.cnf,a2de7ecb3149f61c2513bce2556f5acc,5000.0,5000.0,5000.0,5000.0,5000.0,5000.0,4420.98,5000.0,3597.13,5000.0,5000.0,5000.0,5000.0,5000.0,5000.0,3961.58,4433.77,5000.0,5000.0,5000.0,5000.0,1965.35,2811.16,1493.26,5000.0,5000.0,5000.0,5000.0,5000.0
md5_48_3.cnf,62c39589a569c5d989e4ecd1f5fe22d9,114.288,1839.89,3037.52,343.73,2947.3,188.504,464.525,47.6058,109.215,160.138,1240.6,474.827,218.658,343.044,407.994,566.953,903.914,34.8517,272.682,5000.0,2014.67,132.578,35.2576,68.5286,1442.58,72.571,4219.42,4154.81,1241.89
gss-19-s100.cnf,46cd058b197d2996741a12b8a3597974,166.938,749.498,3066.74,488.792,505.769,766.351,973.699,929.4,300.183,783.072,862.545,915.438,177.618,5000.0,165.88,129.302,514.073,701.928,108.945,630.713,631.146,632.772,626.609,464.444,52.595,748.579,714.834,1104.76,818.34
gss-20-s100.cnf,a794a6d5c5cef207b230b9c11bc6a020,302.83,72.092,5000.0,20.0829,2903.51,686.776,2334.09,5000.0,1568.62,1448.7,1155.99,720.487,58.927,5000.0,198.676,3959.05,1668.19,1550.1,2705.52,477.788,495.157,3638.09,383.233,2002.34,2187.25,3537.02,1035.73,5000.0,5000.0
hitag2-10-60-0-0xe6754daf48162bf-46.cnf,dbff77d9e0cb9f723b001740889dd410,5000.0,5000.0,5000.0,5000.0,5000.0,5000.0,5000.0,5000.0,5000.0,5000.0,5000.0,5000.0,5000.0,5000.0,5000.0,5000.0,5000.0,5000.0,5000.0,5000.0,5000.0,5000.0,2736.53,2327.65,5000.0,5000.0,5000.0,5000.0,5000.0
AProVE07-27.cnf,29bcd837c2712d44bc41845c08842226,310.265,937.431,2346.54,1040.89,1036.72,778.43,666.4,1695.67,444.666,781.444,748.329,669.743,632.057,2535.2,1116.45,1019.79,646.883,2000.72,885.106,691.105,596.196,789.357,543.331,633.943,501.088,678.027,714.26,2601.31,1619.5
zfcp-2.8-u2-nh.cnf,c4aa2ddc60eee766fbdf95a32eed5b43,41.9636,78.0431,82.4545,2842.95,252.696,45.1571,43.4604,264.596,463.954,49.5605,55.2226,80.5918,531.193,199.661,5000.0,5000.0,160.955,79.221,82.2485,582.592,5000.0,220.329,202.009,91.2301,56.6994,85.433,92.9219,49.4365,48.4436
transport-transport-two-cities-sequential-15nodes-1000size-3degree-100mindistance-3trucks-10packages-2008seed.040-SAT.cnf,74e0fa52e4789615985c73d0a8b105b4,291.878,279.128,1466.72,696.696,850.882,1231.66,287.386,933.887,525.182,448.207,387.191,114.947,990.237,5000.0,877.156,5000.0,71.9481,29.9544,341.951,421.431,421.935,4351.11,2435.87,5000.0,399.566,369.666,769.614,5000.0,1611.89
minxorminand128.cnf,a551844fb6a7f35cf6025d0a525ca14e,4997.93,2816.34,1133.15,2453.45,1959.05,3504.69,3248.39,2405.12,2824.26,5000.0,3991.37,5000.0,5000.0,5000.0,4773.9,4769.22,3630.83,2654.46,4797.79,5000.0,5000.0,4453.69,5000.0,5000.0,4724.31,4622.8,5000.0,5000.0,5000.0
aes_16_10_keyfind_3.cnf,ba60e69f0d85355346c606d520be3dc1,578.046,183.61,1119.25,98.654,521.777,499.064,226.768,5000.0,442.93,139.215,308.991,601.151,759.973,360.942,690.806,883.88,120.897,5000.0,115.776,228.392,227.017,5000.0,2206.26,5000.0,262.389,948.905,259.629,2563.43,1002.58
pb_200_03_lb_03.cnf,475cc42914651b711314ff274f5d63a6,18.4892,382.717,77.6692,45.2941,32.4001,9.75952,13.024,139.55,5000.0,129.249,163.35,376.588,1132.22,8.98263,108.875,540.996,61.5026,123.811,82.7334,5.36019,5.96609,102.522,56.2614,5000.0,154.12,86.0729,21.2798,82.1275,617.637
arcfour_initialPermutation_6_56.cnf,f1e490ffb40a86e205d06086b6cf434c,5000.0,5000.0,5000.0,5000.0,5000.0,5000.0,5000.0,5000.0,5000.0,5000.0,5000.0,5000.0,5000.0,5000.0,5000.0,5000.0,5000.0,5000.0,5000.0,1.43878,5000.0,5000.0,5000.0,5000.0,5000.0,5000.0,5000.0,5000.0,5000.0
hitag2-10-60-0-0x2201a94920a2d2e-8.cnf,c0e2aaaa9d438c3cde8d3f7bf194598d,5000.0,5000.0,5000.0,5000.0,5000.0,5000.0,5000.0,5000.0,5000.0,5000.0,5000.0,5000.0,5000.0,5000.0,5000.0,5000.0,5000.0,5000.0,5000.0,5000.0,5000.0,5000.0,3281.93,2523.31,5000.0,5000.0,5000.0,5000.0,5000.0
rpoc_xits_15_SAT.cnf,6e2420fee2f0f163ee34f3173d985c73,3.47647,28.7466,1.56176,5.07323,1.26481,2.03769,4.05138,1.74573,1.89871,1.3168,3.89641,0.997848,1.9627,12.951,76.9193,76.0324,3.33849,1.20282,2.08768,3.79842,2.82557,1.72474,1.49677,3.10353,1.40179,1.12683,3.86341,7.11292,601.383
AProVE07-11.cnf,76a9a702e3f5579ca21a804121363b5b,68.5636,459.688,err,466.567,409.829,341.264,417.63,430.137,197.113,94.2127,88.7095,62.6845,84.3322,287.43,552.784,594.438,271.22,99.4979,47.1468,94.0187,97.6222,184.111,533.17,30.0184,41.4057,157.617,39.8519,5000.0,966.349
SAT_dat.k80.cnf,274a37aa2ba35f97a64c9a4abc4e2887,5000.0,5000.0,4960.51,5000.0,5000.0,5000.0,5000.0,5000.0,3630.45,5000.0,5000.0,5000.0,5000.0,5000.0,2439.29,5000.0,5000.0,5000.0,5000.0,5000.0,5000.0,1603.68,1815.8,5000.0,5000.0,5000.0,5000.0,5000.0,5000.0
UTI-20-10p0.cnf,209f7789e3588d11f275f2003f2c6a67,784.285,1830.11,642.087,1663.98,1584.65,1600.32,1353.01,499.865,463.551,909.435,1123.52,1266.54,756.983,5000.0,1225.15,1218.6,1001.54,5000.0,966.227,946.496,937.141,717.551,832.596,5000.0,799.484,598.96,1013.26,5000.0,2297.12
AProVE09-06.cnf,d6f6073d38b29a9cff1f80910bc0501b,1189.65,818.125,2455.67,868.288,863.836,1471.65,1830.23,731.299,2944.94,907.332,760.117,791.182,1331.56,1366.22,1165.08,1166.22,629.301,1311.69,1097.76,817.498,1471.4,738.734,846.962,5.61215,645.097,1462.87,1218.53,1755.3,2602.36
dated-5-13-u.cnf,45ee13b66821e6c36f3e38be418fa121,5000.0,3753.89,5000.0,5000.0,5000.0,4373.49,2817.49,5000.0,2834.44,5000.0,5000.0,5000.0,4575.36,5000.0,5000.0,5000.0,3160.75,5000.0,5000.0,4110.75,4143.44,5000.0,5000.0,5000.0,4561.43,3620.23,4265.41,5000.0,5000.0
003.cnf,5e5e6f21b900a159db6910e16c9f5b47,5000.0,5000.0,5000.0,5000.0,5000.0,5000.0,5000.0,2799.85,5000.0,5000.0,5000.0,5000.0,5000.0,5000.0,5000.0,5000.0,5000.0,5000.0,5000.0,5000.0,5000.0,5000.0,4745.21,5000.0,5000.0,5000.0,5000.0,5000.0,5000.0
dated-10-13-u.cnf,c10a1a201bfe26fc1d15892100d7fabd,493.814,516.951,963.764,1259.05,1206.65,450.761,353.699,305.779,493.236,503.46,576.701,609.02,528.443,4501.2,743.333,740.379,334.332,903.426,895.534,468.564,462.061,299.305,562.199,642.059,522.523,300.598,839.39,3320.75,2032.13
pb_300_04_lb_06.cnf,70588b906ab53a44a8c419eb4f899fee,548.038,315.366,63.1144,415.794,491.919,273.055,221.898,105.439,168.207,318.639,302.348,147.91,286.32,5000.0,263.841,323.799,229.074,5000.0,268.667,302.053,285.816,207.8,160.293,5000.0,116.71,161.443,452.058,682.791,1023.22
10pipe_k.cnf,472f0bf494ff6f4ada071ae53908bded,545.496,873.08,4353.45,5000.0,5000.0,err,2039.61,786.221,589.305,5000.0,833.748,464.434,670.828,5000.0,1130.63,1085.3,5000.0,5000.0,5000.0,5000.0,3385.27,514.759,654.633,5000.0,1862.18,623.32,1358.13,5000.0,5000.0
pb_300_05_lb_16.cnf,475625d216c3bd15c9dfed8c8d44e317,5000.0,513.481,4251.15,5000.0,2970.94,1472.94,2126.48,3906.43,5000.0,549.996,2992.6,1339.91,4757.57,3404.83,3003.65,2976.34,4058.16,340.444,5000.0,1403.04,1434.84,2597.55,496.777,5000.0,465.088,931.004,624.411,5000.0,2767.49
9pipe_k.cnf,e1a8a4ccb71d4f3450d915674cab8eb9,83.9442,226.193,575.848,377.855,434.078,822.958,329.71,376.165,249.757,686.777,282.007,87.0438,289.338,322.777,742.614,346.126,457.923,2238.47,755.613,1018.53,371.375,207.673,366.672,5000.0,116.25,847.09,1341.33,3363.21,1012.73
8pipe_k.cnf,fb37ea12df01c47c903e00336d3448f6,190.599,208.464,1502.36,3010.51,5000.0,2318.19,1639.36,403.604,150.393,3112.72,196.535,110.202,3850.93,2693.07,596.015,245.865,1413.3,5000.0,2665.82,1047.54,1701.41,112.567,183.75,5000.0,264.588,1107.69,4048.95,5000.0,2138.75
7pipe_k.cnf,bfa57bb962fb5c80635cfb3b84bbd22e,84.5571,109.701,496.923,880.233,3007.42,702.977,1117.4,134.341,73.9318,1765.53,700.119,49.1565,92.136,2639.77,504.95,137.412,261.727,5000.0,2933.82,925.537,290.158,45.4541,71.7131,5000.0,320.731,262.613,1134.04,5000.0,1515.39
10pipe_q0_k.cnf,79941071560dae54d0cb5c1220e3ba9b,335.839,367.747,3686.8,5000.0,5000.0,370.091,5000.0,421.479,314.085,2253.24,5000.0,189.884,387.577,1267.87,682.9,479.083,1752.21,5000.0,970.729,5000.0,4106.94,201.102,279.863,5000.0,297.382,3322.19,5000.0,5000.0,5000.0
pb_400_05_lb_00.cnf,c1e89fb94c1afe7b33b43e37af6b9e31,73.7428,3326.42,1104.98,1481.67,254.624,701.293,171.688,604.291,3446.51,241.51,1481.75,1419.62,1264.24,1473.84,3057.92,3036.84,212.946,241.505,1028.74,3253.41,3171.96,2643.75,728.114,5000.0,1840.01,2008.87,1347.69,522.977,2532.25
11pipe_q0_k.cnf,3d2a57ecbdb4f6b63e32b161d7da83ff,590.514,5000.0,5000.0,5000.0,5000.0,1287.08,5000.0,495.064,537.808,5000.0,791.11,345.764,600.769,2095.96,845.168,837.256,5000.0,5000.0,4505.51,1580.95,1778.18,342.622,543.344,5000.0,4780.66,5000.0,5000.0,5000.0,5000.0
8pipe_q0_k.cnf,c82ea6bf26d56fc842649764c2fa67be,113.074,161.275,746.051,3510.72,5000.0,205.575,1106.58,188.287,121.882,1236.99,636.271,61.5526,120.032,346.256,509.827,188.525,1189.06,5000.0,1211.48,1864.0,910.494,48.5386,79.159,5000.0,454.87,694.053,1209.27,1377.48,1921.77
pb_300_06_lb_02.cnf,9d52258b5c10ed06ac66c1ccb4c7a5e4,1116.04,1142.17,2020.23,854.848,475.628,3182.24,1032.43,958.436,1403.76,235.507,2022.77,642.341,4044.61,5000.0,1101.2,1097.24,1882.16,196.63,1073.78,548.865,560.861,661.526,1339.65,338.211,1754.33,5000.0,1005.99,5000.0,5000.0
pb_200_05_lb_00.cnf,45c4707451faa7664f89827b8f287fad,73.8818,140.359,91.805,263.81,315.148,117.896,92.4789,86.9538,303.545,83.5103,97.2232,40.8518,782.075,5000.0,101.394,333.549,129.119,5000.0,229.591,127.355,124.049,73.6168,140.928,5000.0,58.1772,132.32,152.943,428.738,790.13
pb_200_10_lb_15.cnf,ad47cf5e54ef2602508ef66e1b4eedd6,135.49,91.2301,86.7008,194.642,166.237,85.0071,72.274,65.2411,255.219,68.7735,81.1097,40.2129,1231.68,2965.5,125.797,375.825,65.895,5000.0,89.6604,63.6603,63.6543,76.3634,67.4207,5000.0,55.0116,64.6752,105.006,182.896,698.932
pb_300_09_lb_07.cnf,52a78e418a19fbd6f46241f73bb870e6,49.8124,87.4597,9.90349,55.2856,151.5,16.2655,107.082,16.4685,70.6063,77.4472,48.3137,54.5397,1188.24,292.437,173.153,544.652,17.7643,163.338,156.256,43.8573,43.7274,75.9615,70.7692,5000.0,83.8882,174.196,151.511,414.307,633.152
minxor128.cnf,10b48467ea3d951975cb9264f0b654fe,116.299,4621.02,179.181,256.53,146.222,554.637,538.754,964.716,289.974,501.135,220.178,671.919,560.551,5000.0,452.457,368.52,178.311,570.788,210.823,255.458,255.985,210.254,1690.83,5000.0,223.826,252.842,224.588,5000.0,4506.22
pb_300_01_lb_00.cnf,4395bc8659ae2ba3fbdcbc3a4f388d83,5.95309,38.9731,15.2227,10.5264,21.8237,32.3161,18.0233,43.7154,42.2126,5.80712,48.9386,37.3513,1157.56,41.6567,73.7448,483.913,6.27704,3.19251,5.22421,7.69283,7.56385,17.7233,217.424,117.183,18.2822,57.1293,38.9791,222.005,602.718
pb_300_05_lb_17.cnf,49f12d7efb4207ce4464addb0e3409a1,492.44,210.083,1325.63,670.072,1265.36,304.785,807.881,4041.2,3115.68,1457.13,234.27,180.029,1349.1,3074.24,444.762,2904.47,101.912,80.3158,996.021,799.496,795.125,2544.61,819.694,5000.0,799.476,1886.52,1176.88,1935.6,1038.39
pb_400_03_lb_07.cnf,4fcb16b86dca3d560020dbce9cd5fdfe,231.703,382.456,190.75,245.231,336.0,246.57,623.508,491.399,800.146,408.248,419.967,247.247,583.961,5000.0,361.727,876.145,247.655,4326.89,377.803,267.956,268.901,367.379,384.47,5000.0,208.206,556.403,235.976,1139.82,1283.92
pb_300_02_lb_06.cnf,33679b142e18e85d688317cc7402fb96,5000.0,110.216,313.896,86.1699,10.5894,31.2532,132.955,379.1,263.668,34.2438,279.285,118.576,1261.18,87.4717,83.5623,892.74,1162.15,18.3352,63.7943,45.906,47.0049,439.496,88.3966,5000.0,237.033,703.582,858.455,347.89,721.11
pb_300_10_lb_06.cnf,bf994c766729d1c6fcc771291fdde511,40.6748,84.5081,97.8461,67.3168,57.0903,59.8569,49.2365,103.178,118.567,76.8673,61.2557,100.925,893.216,3175.59,111.952,555.692,77.6742,760.49,61.5396,49.5625,49.1625,92.6769,192.774,5000.0,35.6426,120.545,55.0156,334.152,696.818
pb_300_10_lb_13.cnf,d2cb7ce0d027175186cf9247c2a37e45,121.677,91.823,2671.47,636.483,161.373,190.229,542.228,623.979,1117.18,251.449,335.177,162.586,1560.99,5000.0,189.767,1616.27,775.261,398.679,33.6509,833.851,825.559,1196.45,792.79,5000.0,1261.62,803.364,1424.0,2063.22,1456.41
pb_300_04_lb_05.cnf,a64e998696b188189301118d467fbe30,73.2359,99.5939,26.7709,84.6601,101.245,84.7781,83.6363,69.3035,105.66,106.151,80.9287,64.7512,279.928,5000.0,151.537,225.684,58.3321,1466.89,89.7594,116.277,118.148,95.3865,78.3091,3046.82,55.6265,92.7739,121.836,346.033,694.322
pb_300_05_lb_11.cnf,ad86b0a03cfaa4d2ae2f1ac2efc5ef04,455.17,406.488,378.381,588.691,393.483,3196.58,395.536,2063.87,417.198,3774.14,275.088,479.063,3163.95,5000.0,432.232,798.83,459.442,3383.65,1053.4,429.932,433.557,345.673,628.433,5000.0,223.576,676.15,311.248,5000.0,5000.0
p01_lb_05.cnf,5ae5f2dd01531f1fcf5bdb22bb8f0d20,124.452,359.852,28.6946,194.981,180.037,43.7943,29.1866,40.6728,125.509,36.7424,35.6486,22.0866,78.0711,1875.51,60.0449,174.898,21.9987,220.329,69.1255,43.8443,43.4934,36.5694,42.6575,5000.0,20.5099,5000.0,26.6429,91.2911,637.891
pb_400_09_lb_02.cnf,e22875fadec2a8e9b80784433bd842a0,51.4792,146.645,87.8896,68.5026,84.9791,67.5437,75.9655,132.642,138.434,52.0011,82.5934,110.842,67.6747,2723.03,169.468,481.289,69.0015,181.582,81.5926,71.1432,71.2852,211.658,154.788,2833.47,55.7745,243.315,89.1684,571.822,695.78
pb_200_03_lb_01.cnf,45856fa1c0551bee182ad770c6c630f5,216.929,284.947,119.279,253.449,226.718,170.82,161.426,160.023,498.952,233.121,216.573,152.326,595.557,3981.74,170.59,616.798,164.118,555.646,190.681,171.491,172.825,185.575,398.101,1419.62,107.647,234.292,160.592,555.365,1018.78
SAT_dat.k65.cnf,e98679e9ca14c8efe61801a0fcff067d,5000.0,2989.86,3033.41,5000.0,5000.0,5000.0,5000.0,5000.0,1456.43,5000.0,5000.0,5000.0,5000.0,5000.0,1656.2,1636.99,5000.0,5000.0,5000.0,5000.0,5000.0,827.235,1005.01,5000.0,4504.18,2784.42,5000.0,5000.0,5000.0
hitag2-10-60-0-0xe14721bd199894a-99.cnf,b0660b63322faca9d4f15768c053f4ce,5000.0,5000.0,5000.0,5000.0,5000.0,5000.0,5000.0,5000.0,5000.0,5000.0,5000.0,5000.0,5000.0,5000.0,5000.0,3835.52,5000.0,5000.0,5000.0,5000.0,5000.0,3539.66,2239.6,3070.38,5000.0,5000.0,5000.0,5000.0,5000.0
pb_300_02_lb_07.cnf,933c596aa26c3387c621743e7ff88e29,7.09092,63.0414,90.9072,71.6321,17.1724,16.4685,11.0283,77.3752,22.9835,6.03608,11.2073,2.46163,36.3615,14.5208,108.211,503.062,20.5829,36.0135,13.267,10.3814,10.0545,30.7563,25.2182,528.167,27.1669,132.7,49.5425,524.301,633.177
pb_200_03_lb_02.cnf,fe46231aeb971484e4629968e592cd86,205.371,505.148,119.63,1788.51,1412.09,260.469,272.237,195.514,2246.53,221.821,251.83,246.811,1314.77,5000.0,281.987,870.684,221.287,1274.26,249.704,261.648,268.855,446.882,526.734,5000.0,160.116,492.544,176.638,589.796,928.591
arcfour_initialPermutation_6_15.cnf,d6edfb3ba5831c9ea6c952175d4d4809,985.98,1513.1,1761.14,1098.89,1095.01,976.251,946.003,907.134,847.149,929.293,1098.98,812.669,711.453,2584.6,1147.91,1157.53,986.734,1068.41,1119.28,1.42478,5000.0,717.541,831.846,1034.81,928.195,1090.62,1018.64,2374.29,1776.43
6s20.cnf,c9bbf6fea41b040469d7001ffccee37d,1273.16,5000.0,898.743,2761.38,2809.72,3980.55,3624.05,3109.71,5000.0,3567.1,2493.53,2034.84,4168.36,5000.0,3512.46,5000.0,2488.14,5000.0,2601.96,3135.95,5000.0,5000.0,131.412,5000.0,1946.6,1473.62,2857.01,5000.0,5000.0
pb_300_03_lb_13.cnf,fc36a581f2c1d3af77ac393fc232f821,18.5452,67.3328,25.7751,75.7025,16.7934,13.22,50.1084,50.9832,196.592,38.2092,15.9316,45.5831,1133.38,45.0002,139.532,556.389,70.1183,60.8767,51.8861,35.1417,35.4436,83.7683,53.3379,5000.0,18.5802,97.3172,6.46702,192.452,631.434
hitag2-10-60-0-0xb7b72dfef34c17b-39.cnf,6a2df4cc1449e232eed53898f4b1d68d,5000.0,5000.0,5000.0,5000.0,5000.0,5000.0,5000.0,5000.0,5000.0,5000.0,5000.0,5000.0,5000.0,5000.0,5000.0,3348.28,5000.0,5000.0,5000.0,5000.0,5000.0,3062.14,2033.42,2644.72,5000.0,5000.0,5000.0,5000.0,5000.0
pb_400_09_lb_04.cnf,1ccd376320f6c4099276cb6eeeb1ab16,783.937,591.15,140.393,596.038,395.803,305.598,624.496,611.727,295.924,282.681,403.629,520.885,884.365,5000.0,425.787,1270.13,295.381,5000.0,397.645,306.863,318.352,777.736,775.609,5000.0,267.128,624.74,405.171,969.897,1029.98
hitag2-10-60-0-0xbc15b17d0353413-10.cnf,cc8cb7d7dcc7a7a4b700f51963a9f808,5000.0,5000.0,5000.0,5000.0,5000.0,5000.0,5000.0,5000.0,4799.93,5000.0,5000.0,5000.0,5000.0,5000.0,5000.0,2709.02,4636.1,5000.0,5000.0,5000.0,5000.0,2360.92,1780.66,2083.86,4750.02,5000.0,5000.0,5000.0,5000.0
hitag2-10-60-0-0xa360966c6eb75c4-62.cnf,9dcd6a61aea4a8e717254ffb85647144,5000.0,5000.0,5000.0,5000.0,5000.0,5000.0,5000.0,5000.0,5000.0,5000.0,5000.0,5000.0,5000.0,5000.0,5000.0,4324.41,5000.0,5000.0,5000.0,5000.0,5000.0,4121.86,3198.43,3272.18,5000.0,5000.0,5000.0,5000.0,5000.0
pb_300_10_lb_12.cnf,7601bf95ac354d3354b7ef700e3ce952,583.272,1571.32,2648.49,1254.64,1144.62,677.092,2254.06,2645.93,4295.37,779.577,2353.09,415.452,1564.56,5000.0,3831.6,3849.12,1924.21,2507.56,2416.07,3099.66,3150.25,3497.76,1715.33,1432.62,3396.14,1201.52,2058.86,3508.26,2202.25
pb_400_09_lb_03.cnf,4fb52fca19ef884a8b6969232f9f8b97,126.132,202.291,91.1371,161.595,179.502,154.489,112.856,320.253,200.666,103.4,143.59,202.779,145.857,5000.0,254.314,510.015,103.814,1126.82,160.723,108.929,109.253,389.797,329.356,5000.0,104.81,304.482,162.747,650.585,740.934
md5_48_2.cnf,a420102680cef46239a1a26d099d3bb5,107.335,416.777,2342.29,1208.8,3445.75,587.251,1074.9,208.881,31.2243,1006.22,996.167,159.948,74.3607,369.212,578.757,93.8207,1403.38,198.296,244.912,25.986,701.579,144.506,132.59,3066.18,961.959,131.154,2852.88,5000.0,5000.0
md5_47_1.cnf,53153ffcc5020cda6102938ac64005fe,140.605,299.976,5000.0,100.124,92.212,200.199,76.9903,58.4601,39.0651,172.035,321.706,130.158,69.9894,959.874,541.086,104.616,91.2301,51.5492,846.147,368.396,700.939,105.744,58.877,95.4825,1995.71,16.4395,1028.32,3033.29,622.87
001.cnf,a414f1a17b595e4412e35274a41f44b9,5000.0,5000.0,5000.0,5000.0,5000.0,5000.0,5000.0,5000.0,5000.0,5000.0,5000.0,5000.0,5000.0,5000.0,5000.0,5000.0,5000.0,5000.0,5000.0,5000.0,5000.0,5000.0,1608.26,5000.0,5000.0,5000.0,5000.0,5000.0,5000.0
md5_47_2.cnf,67da0906f147c12e87020c94e9f1bd01,25.0812,213.819,731.486,267.335,233.088,379.144,1294.52,73.8088,61.5316,2203.64,327.201,119.931,102.479,1535.06,498.009,144.243,1249.7,47.8037,1732.0,964.584,200.036,61.0417,75.2136,139.721,937.26,79.7629,1427.71,3864.71,752.276
001.cnf,9e5495aeb597fa607babd409e526a0a0,5000.0,5000.0,5000.0,5000.0,5000.0,5000.0,5000.0,5000.0,5000.0,5000.0,5000.0,5000.0,5000.0,5000.0,5000.0,5000.0,5000.0,5000.0,5000.0,5000.0,5000.0,5000.0,5000.0,131.272,5000.0,5000.0,5000.0,5000.0,5000.0
001.cnf,012facf42627e6b0d9846f3749ffa28e,5000.0,5000.0,5000.0,5000.0,5000.0,5000.0,5000.0,5000.0,5000.0,5000.0,5000.0,5000.0,5000.0,5000.0,5000.0,5000.0,2032.64,5000.0,5000.0,5000.0,5000.0,5000.0,474.898,2702.55,5000.0,5000.0,5000.0,5000.0,5000.0
001.cnf,b76b603b2636ba69389e1fe5bf99fb14,5000.0,5000.0,5000.0,5000.0,5000.0,5000.0,5000.0,3635.46,5000.0,5000.0,5000.0,3484.08,5000.0,5000.0,506.156,505.938,5000.0,1271.97,5000.0,5000.0,5000.0,63.1074,5000.0,5000.0,5000.0,5000.0,5000.0,5000.0,5000.0
002.cnf,4a1c86791c9a225dc21948fd0d5c50ab,5000.0,5000.0,5000.0,5000.0,5000.0,5000.0,5000.0,5000.0,5000.0,5000.0,5000.0,5000.0,5000.0,5000.0,5000.0,5000.0,5000.0,5000.0,5000.0,5000.0,5000.0,5000.0,5000.0,5000.0,5000.0,5000.0,5000.0,5000.0,5000.0
002.cnf,1280a9f0d719c07c22242fa88391b7cf,5000.0,5000.0,5000.0,5000.0,5000.0,5000.0,5000.0,5000.0,5000.0,5000.0,5000.0,5000.0,5000.0,5000.0,5000.0,5000.0,5000.0,3305.03,5000.0,5000.0,5000.0,5000.0,2586.67,5000.0,5000.0,5000.0,5000.0,5000.0,5000.0
002.cnf,2c281ba5ae346b38f9af69aff86073a6,5000.0,5000.0,5000.0,5000.0,5000.0,5000.0,5000.0,5000.0,5000.0,5000.0,5000.0,5000.0,5000.0,5000.0,5000.0,5000.0,5000.0,104.595,5000.0,5000.0,5000.0,5000.0,5000.0,5000.0,5000.0,5000.0,5000.0,5000.0,5000.0
003.cnf,b5ff1be89d06244f3a566c17e82d49e3,5000.0,5000.0,5000.0,5000.0,5000.0,5000.0,5000.0,5000.0,5000.0,5000.0,5000.0,5000.0,5000.0,5000.0,5000.0,5000.0,5000.0,5000.0,5000.0,5000.0,5000.0,5000.0,5000.0,5000.0,5000.0,5000.0,5000.0,5000.0,5000.0
aes_24_4_keyfind_2.cnf,415da0714a8570fa2ff81710f3715cd7,4517.76,5000.0,5000.0,5000.0,5000.0,1342.77,21.4497,5000.0,3505.36,1039.03,768.681,4741.49,3283.04,5000.0,5000.0,3938.86,2084.25,717.894,5000.0,5000.0,5000.0,5000.0,5000.0,1373.04,5000.0,5000.0,1717.22,5000.0,5000.0
aes_24_4_keyfind_4.cnf,b8613f6a972f226fe41ba9011f30ba22,5000.0,5000.0,5000.0,5000.0,5000.0,2073.98,2826.27,5000.0,1619.8,5000.0,5000.0,3224.44,5000.0,404.56,5000.0,2024.74,1558.68,936.342,4687.89,5000.0,5000.0,4578.66,2904.37,1716.47,5000.0,5000.0,5000.0,5000.0,1943.1
003.cnf,36d5b47950b45a78bcbfd408b9087079,5000.0,5000.0,5000.0,5000.0,5000.0,5000.0,5000.0,5000.0,5000.0,5000.0,5000.0,5000.0,5000.0,5000.0,5000.0,5000.0,5000.0,4000.35,5000.0,5000.0,5000.0,5000.0,5000.0,1926.37,5000.0,5000.0,5000.0,5000.0,5000.0
003.cnf,2cfe835b784558aaf6f23302ec00e754,5000.0,5000.0,5000.0,5000.0,5000.0,5000.0,5000.0,5000.0,5000.0,5000.0,5000.0,5000.0,5000.0,5000.0,5000.0,5000.0,5000.0,3501.69,5000.0,5000.0,5000.0,5000.0,2990.23,653.198,5000.0,5000.0,5000.0,5000.0,5000.0
bivium-39-200-0s0-0x28df9231b320bd56dfb68bfc7c3f0ca20dbae6b0eba535ad91-98.cnf,eb8b99f8e2cdbee66eaf4ea8419e75f5,5000.0,5000.0,5000.0,5000.0,5000.0,2869.02,4653.65,5000.0,3579.89,5000.0,5000.0,5000.0,5000.0,5000.0,5000.0,4734.56,5000.0,4545.01,5000.0,5000.0,5000.0,2254.27,1370.12,1195.88,5000.0,5000.0,5000.0,5000.0,5000.0
hitag2-7-60-0-0xe8fa35372ed37e2-80.cnf,461d9c5e67bb74c72dfce3dba4eb95ab,5000.0,5000.0,5000.0,5000.0,5000.0,5000.0,5000.0,5000.0,5000.0,5000.0,5000.0,5000.0,5000.0,5000.0,5000.0,4180.75,5000.0,5000.0,5000.0,5000.0,5000.0,3965.22,4042.44,3910.91,5000.0,5000.0,5000.0,5000.0,5000.0
bivium-39-200-0s0-0x5fa955de2b4f64d00226837d226c955de4566ce95f660180d7-30.cnf,d86dacf24a85f1fb713a14e29fdd2ad3,5000.0,5000.0,5000.0,5000.0,5000.0,5000.0,4282.13,5000.0,5000.0,5000.0,5000.0,5000.0,5000.0,5000.0,5000.0,5000.0,5000.0,5000.0,5000.0,5000.0,5000.0,3342.61,2354.59,1595.28,5000.0,5000.0,5000.0,5000.0,5000.0
004.cnf,0a4128a2f8884f36b2ff69425ba05c37,5000.0,5000.0,5000.0,5000.0,5000.0,5000.0,5000.0,5000.0,5000.0,5000.0,5000.0,5000.0,5000.0,5000.0,5000.0,5000.0,5000.0,628.586,5000.0,5000.0,5000.0,5000.0,5000.0,1440.76,5000.0,5000.0,5000.0,5000.0,5000.0
004.cnf,c8a6059c2ecd020997f2478782eaa1e2,5000.0,5000.0,5000.0,5000.0,5000.0,5000.0,5000.0,644.503,5000.0,5000.0,5000.0,1161.92,5000.0,5000.0,5000.0,5000.0,5000.0,128.651,5000.0,5000.0,5000.0,5000.0,622.404,1040.53,5000.0,5000.0,5000.0,5000.0,5000.0
007.cnf,5de87c3eeefedc5c82ec686bd41d61b6,5000.0,5000.0,5000.0,5000.0,5000.0,5000.0,5000.0,5000.0,5000.0,5000.0,5000.0,3351.08,5000.0,5000.0,5000.0,5000.0,5000.0,5000.0,5000.0,5000.0,5000.0,5000.0,5000.0,5000.0,5000.0,5000.0,5000.0,5000.0,5000.0
003.cnf,68c47ef8b6a8e840080736919329f591,5000.0,5000.0,5000.0,5000.0,5000.0,5000.0,5000.0,5000.0,5000.0,5000.0,5000.0,5000.0,5000.0,5000.0,5000.0,5000.0,5000.0,5000.0,5000.0,5000.0,5000.0,5000.0,5000.0,5000.0,5000.0,5000.0,5000.0,5000.0,5000.0
005.cnf,6a767c1e994dcd02dbb7e86ba3539253,1016.95,447.268,1279.25,731.698,790.464,960.723,325.041,5000.0,4007.51,1283.53,2028.16,1103.25,847.643,4615.0,5000.0,5000.0,738.107,1814.76,1142.61,972.246,968.75,5000.0,5000.0,5000.0,862.185,322.183,805.365,714.242,1043.05
005.cnf,1ca1d5fc3a28ac1bf8494272931343f7,5000.0,5000.0,5000.0,5000.0,5000.0,5000.0,5000.0,54.7467,5000.0,5000.0,5000.0,5000.0,5000.0,5000.0,5000.0,5000.0,5000.0,4274.1,5000.0,5000.0,5000.0,5000.0,1019.75,5000.0,5000.0,5000.0,5000.0,5000.0,5000.0
005.cnf,294c235302a5d86a712124f79e73259b,5000.0,5000.0,5000.0,5000.0,5000.0,5000.0,5000.0,5000.0,5000.0,5000.0,5000.0,3281.26,5000.0,5000.0,3540.94,3520.04,5000.0,103.662,5000.0,5000.0,5000.0,3212.09,327.689,3185.52,5000.0,5000.0,5000.0,5000.0,5000.0
9vliw_m_9stages_iq3_C1_bug10.cnf,8520866de176665c8e9e9baaa877993c,94.9116,110.247,154.451,227.163,136.684,91.3321,92.7019,835.335,1537.98,33.111,46.266,79.4999,8.85865,216.107,577.822,973.742,261.198,67.0838,305.718,236.888,233.186,117.711,193.367,118.625,34.5377,173.857,219.107,33.109,31.7802
transport-transport-city-sequential-25nodes-1000size-3degree-100mindistance-3trucks-10packages-2008seed.030-NOTKNOWN.cnf,20b03a4e9cde61c9c210714b52cb9416,76.0424,33.6119,142.466,242.525,157.122,136.43,110.905,143.486,185.706,67.0478,142.346,38.0072,518.045,1785.82,431.348,5000.0,132.077,133.054,37.9152,86.9498,86.6788,243.933,34.2538,725.375,52.586,54.1438,62.3305,1763.52,779.16
grid-strips-grid-y-3.055-NOTKNOWN.cnf,538ae856d2f3b2e3ecc23d631c1d8bb9,115.084,82.2555,240.779,120.545,173.835,370.599,517.349,523.069,175.347,37.3323,95.9754,464.914,521.622,5000.0,559.878,959.773,56.8684,396.918,238.155,132.291,131.442,280.223,101.913,585.598,477.661,66.7868,99.0049,5000.0,685.312
transport-transport-two-cities-sequential-15nodes-1000size-3degree-100mindistance-3trucks-10packages-2008seed.030-NOTKNOWN.cnf,b2d20b42a6be44e7dadd3f4ffdac72fe,267.386,457.612,437.879,1474.59,440.108,973.376,496.365,323.842,158.719,347.393,448.079,1048.45,288.748,2986.98,760.569,5000.0,630.173,5000.0,103.943,390.205,388.084,1699.0,1213.69,5000.0,201.595,262.02,279.351,3666.12,907.871
006.cnf,b4edc59fb601a5e512fd96c5b7ea3037,1179.56,1223.58,451.566,57.8332,283.16,381.804,643.345,5000.0,2940.04,273.85,1635.37,1053.08,1126.03,3698.4,5000.0,5000.0,907.321,641.885,1129.03,892.955,883.65,5000.0,5000.0,1388.99,246.517,5000.0,383.361,484.737,963.822
blocks-blocks-36-0.130-NOTKNOWN.cnf,74dbbaad3fef2937258662e368993970,51.8861,58.7561,143.425,245.846,137.602,191.121,68.7895,296.315,48.1637,288.72,127.828,118.386,175.008,5000.0,665.669,477.612,82.0595,58.5231,44.5802,95.6955,94.7576,230.741,71.7261,541.657,260.249,212.477,80.7917,4337.68,890.022
transport-transport-city-sequential-25nodes-1000size-3degree-100mindistance-3trucks-10packages-2008seed.020-NOTKNOWN.cnf,d35d841a2a78e343ef2ffcb66e3c1ba1,32.653,43.2154,41.1927,35.9015,86.0339,67.9987,68.4506,31.9861,13.6119,25.1222,26.245,29.8725,29.1346,2298.12,291.502,5000.0,32.738,20.7218,18.1512,73.7268,73.5148,183.699,63.0464,172.8,20.4199,24.0493,14.6368,799.533,656.679
006.cnf,58373c50fabc01f9f29d280fb428396a,5000.0,5000.0,5000.0,5000.0,5000.0,5000.0,5000.0,2807.11,5000.0,5000.0,5000.0,1213.68,5000.0,5000.0,5000.0,5000.0,5000.0,742.465,5000.0,5000.0,5000.0,5000.0,113.588,1777.49,5000.0,5000.0,5000.0,5000.0,5000.0
blocks-blocks-36-0.150-NOTKNOWN.cnf,674204d317a5ffff1d189d2819d88370,64.5162,72.397,297.159,253.548,115.837,65.1241,64.0893,133.182,48.2287,85.43,84.9301,76.1184,44.7692,194.952,520.462,482.56,62.0096,138.361,30.8513,172.115,164.92,79.6739,53.1599,281.482,134.207,291.048,55.2006,84.8201,85.765
007.cnf,a97d2b55e2e62155b5859bdaa98629a2,5000.0,5000.0,5000.0,5000.0,5000.0,5000.0,5000.0,5000.0,5000.0,5000.0,5000.0,1714.23,5000.0,5000.0,5000.0,5000.0,5000.0,5000.0,5000.0,5000.0,5000.0,5000.0,5000.0,3175.97,5000.0,5000.0,5000.0,5000.0,5000.0
grid-strips-grid-y-3.065-SAT.cnf,a793c05b8efeb4ff46e0a28865471322,16.7714,112.169,55.0156,1031.98,52.397,347.71,416.375,548.401,354.458,206.355,25.8371,222.619,649.381,5000.0,779.194,758.887,38.0832,47.9367,124.534,125.664,124.998,401.825,503.077,1194.68,311.966,92.7119,114.139,5000.0,728.685
transport-transport-city-sequential-35nodes-1000size-4degree-100mindistance-4trucks-14packages-2008seed.020-NOTKNOWN.cnf,42f3503956f4db7099ca37aa90921a11,634.04,794.956,1044.49,4963.47,382.594,867.757,1387.06,437.971,456.511,628.144,1889.41,457.78,1485.77,5000.0,1172.51,5000.0,943.528,315.76,54.6357,302.324,310.919,4996.86,641.266,5000.0,643.804,141.336,448.766,5000.0,1509.71
transport-transport-city-sequential-25nodes-1000size-3degree-100mindistance-3trucks-10packages-2008seed.050-NOTKNOWN.cnf,2b39e386d0c1bdb88213151e5021cf09,293.437,127.942,324.043,140.746,503.963,235.002,662.948,495.616,3538.03,293.263,494.118,545.085,1309.65,2146.38,1100.75,5000.0,170.95,5000.0,179.711,223.275,227.173,3113.33,1135.82,5000.0,297.33,142.474,104.579,3769.63,1269.19
transport-transport-two-cities-sequential-15nodes-1000size-3degree-100mindistance-3trucks-10packages-2008seed.020-NOTKNOWN.cnf,2f7cce17acd4cbdaaa486324e4447fe4,603.359,471.217,222.612,1011.68,1867.5,631.371,1227.99,341.308,289.881,829.029,264.769,323.223,927.831,5000.0,1851.71,5000.0,133.835,5000.0,1749.42,380.209,386.025,1476.97,1025.66,5000.0,871.471,158.65,636.946,5000.0,3029.16
007.cnf,c5bcaf56da874e81edcd2eb71bf140e0,5000.0,5000.0,5000.0,5000.0,5000.0,5000.0,5000.0,5000.0,5000.0,5000.0,5000.0,5000.0,5000.0,5000.0,5000.0,5000.0,5000.0,3190.07,5000.0,5000.0,5000.0,4817.32,3216.31,5000.0,5000.0,5000.0,5000.0,5000.0,5000.0
007.cnf,47bd95959bb15bb2714b1a35ce3ac6a8,5000.0,5000.0,5000.0,5000.0,5000.0,5000.0,5000.0,132.648,5000.0,5000.0,5000.0,575.65,5000.0,5000.0,1879.05,1868.81,5000.0,4525.28,5000.0,5000.0,5000.0,1492.69,97.4212,5000.0,5000.0,5000.0,5000.0,5000.0,5000.0
grid-strips-grid-y-3.045-NOTKNOWN.cnf,ae5921b0b39a8bc51efc86aa7463a85b,713.636,504.222,352.975,2932.48,283.539,731.891,442.998,657.768,573.758,673.067,646.768,511.539,1721.0,5000.0,1630.57,2128.23,594.211,183.123,692.293,539.774,529.494,1488.98,449.952,2006.36,651.984,341.644,441.384,5000.0,2085.05
008.cnf,646f3555e6bdf2179cfc49111bb3ad1f,5000.0,5000.0,5000.0,5000.0,5000.0,5000.0,5000.0,5000.0,5000.0,5000.0,5000.0,5000.0,5000.0,5000.0,5000.0,5000.0,5000.0,5000.0,5000.0,5000.0,5000.0,5000.0,4059.04,4496.69,5000.0,5000.0,5000.0,5000.0,5000.0
transport-transport-city-sequential-25nodes-1000size-3degree-100mindistance-3trucks-10packages-2008seed.040-NOTKNOWN.cnf,90d6ab6c96502322a316dba40c7c3226,154.667,149.592,249.13,216.563,102.766,136.005,130.595,43.1734,454.656,24.6972,112.889,459.589,321.193,5000.0,430.069,5000.0,127.904,67.0438,74.3367,114.713,119.403,114.935,885.278,5000.0,161.567,27.2908,136.473,2736.97,699.385
6s137.cnf,71c614b6f032a2f12dc38b17980447ad,4676.44,5000.0,5000.0,5000.0,5000.0,5000.0,5000.0,5000.0,5000.0,4554.1,4300.06,5000.0,5000.0,5000.0,5000.0,5000.0,5000.0,4337.18,5000.0,5000.0,5000.0,5000.0,1693.97,3021.73,5000.0,5000.0,5000.0,5000.0,5000.0
gss-18-s100.cnf,36e05ed1d33d17d974fb7805c91fe357,19.0641,41.0068,2148.57,191.266,69.9594,361.367,431.434,55.4446,224.424,14.8077,121.109,307.82,193.118,5000.0,271.719,141.858,205.453,273.805,367.333,542.361,542.23,56.4904,220.999,545.434,301.788,562.205,44.7692,1563.81,1465.49
008.cnf,e5c9348d6dfa41bf497cc3047c44bd87,5000.0,5000.0,5000.0,5000.0,5000.0,5000.0,5000.0,214.778,5000.0,5000.0,5000.0,5000.0,5000.0,5000.0,5000.0,5000.0,5000.0,1542.7,5000.0,5000.0,5000.0,5000.0,1180.32,5000.0,5000.0,5000.0,5000.0,5000.0,5000.0
009.cnf,325958b2a1a39d6714cf5cbb8d02fb91,5000.0,5000.0,5000.0,5000.0,5000.0,5000.0,5000.0,5000.0,5000.0,5000.0,5000.0,5000.0,5000.0,5000.0,497.331,496.96,5000.0,5000.0,5000.0,5000.0,5000.0,54.2318,5000.0,4831.7,5000.0,5000.0,5000.0,5000.0,5000.0
6s166.cnf,d87ac44eb97ddcaee2885f6c13e85a3d,94.3617,911.711,32.761,5000.0,5000.0,1670.95,1127.38,76.3064,2761.74,5000.0,144.169,112.965,137.645,5000.0,576.641,5000.0,66.7109,5000.0,342.023,209.481,210.716,5000.0,5000.0,5000.0,108.275,184.341,117.451,5000.0,5000.0
008.cnf,c3eb13d8aedb9b4ded99ace1c9b7c988,5000.0,5000.0,5000.0,5000.0,5000.0,5000.0,5000.0,5000.0,5000.0,5000.0,5000.0,5000.0,5000.0,5000.0,2512.73,2380.2,5000.0,5000.0,5000.0,5000.0,5000.0,2021.41,5000.0,5000.0,5000.0,5000.0,5000.0,5000.0,5000.0
ACG-20-5p0.cnf,5e956ccef0af80a5902eec4f20a58f83,1584.06,1111.52,1390.25,1042.17,1681.89,2917.14,1884.13,299.567,411.144,2335.26,1640.41,610.366,377.677,4208.98,905.945,526.878,1076.68,1098.51,1258.25,1536.15,1525.37,350.69,325.259,842.113,1428.64,1288.11,2041.65,5000.0,5000.0
009.cnf,8228934aedd07945fbc1ec78f6634c72,5000.0,5000.0,5000.0,5000.0,5000.0,5000.0,5000.0,5000.0,5000.0,5000.0,5000.0,5000.0,5000.0,5000.0,1743.23,1744.29,5000.0,4201.48,5000.0,5000.0,5000.0,1356.2,3160.31,5000.0,5000.0,5000.0,5000.0,5000.0,5000.0
009.cnf,f0ef151e6d349537aa0543d269ae5b77,5000.0,5000.0,5000.0,5000.0,5000.0,5000.0,5000.0,1073.25,5000.0,5000.0,5000.0,4571.9,5000.0,5000.0,5000.0,5000.0,5000.0,2898.84,5000.0,5000.0,5000.0,5000.0,5000.0,1672.23,5000.0,5000.0,5000.0,5000.0,5000.0
hitag2-10-60-0-0xac23f1205f76343-96.cnf,b70b71a00f018c40ee8dd7662ca7dceb,5000.0,5000.0,5000.0,5000.0,5000.0,5000.0,5000.0,5000.0,5000.0,5000.0,5000.0,5000.0,5000.0,5000.0,5000.0,5000.0,5000.0,5000.0,5000.0,5000.0,5000.0,5000.0,3762.78,4832.61,5000.0,5000.0,5000.0,5000.0,5000.0
maxor064.cnf,1b9f66ce669cbbf957e744e9391cf971,99.5109,1145.99,95.3305,95.2845,93.2598,121.707,109.169,158.32,201.173,220.828,182.719,156.374,520.646,5000.0,272.983,249.717,244.257,576.527,155.295,256.876,259.312,147.503,177.969,5000.0,115.778,95.2345,278.406,1414.94,1506.58
md5_48_5.cnf,8ab50418497c0326ed1ff5d73a4e24a3,153.594,1975.5,384.752,32.3251,3786.37,230.49,189.358,38.0942,195.079,2099.02,1575.88,22.8405,43.6214,2665.9,571.309,124.628,54.2647,165.134,1447.31,276.878,126.119,135.456,128.229,159.273,453.757,445.423,1986.09,2231.04,1850.99
bivium-39-200-0s0-0x163b785faa4bfb1b3b894a9206768a6c3d5d6f038b3797c4c2-99.cnf,1400db6093770839163f38a753b0a20c,5000.0,5000.0,5000.0,5000.0,5000.0,3616.86,5000.0,5000.0,5000.0,5000.0,5000.0,5000.0,5000.0,5000.0,5000.0,5000.0,5000.0,5000.0,5000.0,5000.0,5000.0,5000.0,4817.53,3823.63,5000.0,5000.0,5000.0,5000.0,5000.0
010.cnf,219e95d5e052c2ab56e50e1c7c765aa7,5000.0,5000.0,5000.0,5000.0,5000.0,5000.0,5000.0,5000.0,5000.0,5000.0,5000.0,5000.0,5000.0,5000.0,3222.41,3223.42,5000.0,5000.0,5000.0,5000.0,5000.0,2911.21,5000.0,3290.87,5000.0,5000.0,5000.0,5000.0,5000.0
ACG-15-10p0.cnf,d8dd0726277891eae9a2807dfd8946db,1139.34,2909.73,1222.04,1423.91,1190.43,2707.76,2444.12,643.923,1049.95,902.306,1724.41,1338.26,931.418,5000.0,877.739,867.744,1828.64,1311.25,2792.67,1475.91,1411.55,361.077,418.257,1560.64,1274.01,1290.13,2196.67,5000.0,2828.38
gus-md5-11.cnf,ef12e784fe394de4126960bcf93ce7c7,5000.0,5000.0,5000.0,5000.0,5000.0,5000.0,5000.0,3589.1,3345.41,5000.0,5000.0,5000.0,5000.0,5000.0,5000.0,5000.0,5000.0,3252.81,5000.0,5000.0,5000.0,5000.0,5000.0,2646.52,5000.0,5000.0,5000.0,5000.0,5000.0
bob12m04.cnf,221247dd9b625ab6ef104f151f99f450,199.485,5000.0,166.091,4856.62,5000.0,5000.0,5000.0,5000.0,4841.44,203.916,201.522,89.1015,195.925,5000.0,5000.0,5000.0,356.445,248.256,147.122,143.474,156.751,5000.0,4397.49,134.171,154.436,113.076,240.231,5000.0,5000.0
bivium-39-200-0s0-0x53e7622aad02b083b53dcd6a4a76f54a150ceb996ea1dfa300-63.cnf,a2fa71375a40959c943fd51fff0734e5,5000.0,5000.0,5000.0,5000.0,5000.0,5000.0,5000.0,5000.0,5000.0,5000.0,5000.0,5000.0,5000.0,5000.0,5000.0,5000.0,5000.0,5000.0,5000.0,5000.0,5000.0,4110.5,3873.44,1605.91,5000.0,5000.0,5000.0,5000.0,5000.0
ndhf_xits_21_SAT.cnf,03a36a0e1b9af8e7c30a29a92e02302e,67.0188,47.8607,6.03608,6.19106,65.3171,9.13561,9.24959,3.47447,5.13522,5.07523,142.789,5.34819,5.60615,6.94394,167.663,121.025,10.7184,1023.41,9.53355,18.1502,18.1302,3.63245,1.61575,1808.19,5.74413,5.80712,16.6055,27.7278,600.475
bivium-39-200-0s0-0x1b770901581bbb2863c83835583d7ce4e1fafd907076320542-34.cnf,bef254c57046df26a58922faf53bd464,5000.0,5000.0,5000.0,5000.0,5000.0,5000.0,5000.0,5000.0,5000.0,5000.0,5000.0,5000.0,5000.0,5000.0,5000.0,5000.0,5000.0,5000.0,5000.0,5000.0,5000.0,5000.0,3610.63,1962.17,5000.0,5000.0,5000.0,5000.0,5000.0
AProVE07-02.cnf,4091fe387de1d8dc081a8ac19da38bdb,367.966,417.419,2659.45,420.101,515.107,227.514,507.704,437.719,198.586,240.896,513.767,351.597,205.724,583.458,294.493,230.701,333.276,726.544,548.466,408.194,407.493,284.186,193.799,143.573,455.294,449.319,464.641,733.971,1035.59
6s165.cnf,354e1fffa4af99470dcb0ad940b8e7bb,56.1985,219.89,23.0745,2221.09,5000.0,5000.0,186.778,18.5782,5.67514,5000.0,51.1342,46.8249,457.502,5000.0,463.009,423.301,105.256,1951.08,257.683,120.665,120.699,5000.0,5000.0,5000.0,98.571,132.261,188.522,5000.0,5000.0
itox_vc1033.cnf,17cc03672e09c4ccad0986fb3657ba7a,3.20351,7.85481,1.58176,4.48832,4.79927,15.1847,14.4268,10.1185,10.0015,2.94855,3.52546,1.51977,2.98254,11.2923,77.8512,71.9991,3.9124,4.11137,1.68474,205.332,5.84611,17.9433,30.8003,3.42848,1.53177,2.16067,1.9917,20.8878,604.72
6s153.cnf,54348e9192048135db0be22864d20c58,93.7887,159.365,162.966,71.5461,205.963,98.531,96.3374,5000.0,5000.0,212.257,98.3041,199.2,142.924,1229.7,521.713,5000.0,60.9737,529.935,78.1451,88.3916,77.0153,5000.0,4577.14,5000.0,63.1994,223.235,94.7436,876.527,1120.87
itox_vc1130.cnf,1dc3830fa84fd706a44d8cbfb2c0c08c,3.9254,18.5352,2.04669,78.817,78.2351,17.3134,16.8184,9.65653,12.2221,3.65744,3.74843,1.91071,25.1512,18.5472,288.851,89.6904,5.72413,4.55731,2.35464,232.759,7.67983,234.003,38.6201,4.56731,1.85172,2.50962,2.55161,21.8427,602.257
slp-synthesis-aes-top27.cnf,159e4ad1136dd3b9ce59cc4cb5634433,5000.0,1205.55,5000.0,2494.74,5000.0,5000.0,5000.0,5000.0,1162.76,5000.0,5000.0,430.149,685.975,5000.0,2155.3,2134.57,5000.0,1735.43,5000.0,5000.0,5000.0,1780.09,5000.0,518.514,5000.0,5000.0,5000.0,5000.0,5000.0
9vliw_m_9stages_iq3_C1_bug8.cnf,38f3159fddfc095a413b2afec78f1d19,76.4744,92.6219,198.988,309.996,151.686,73.1809,75.9285,1141.88,570.366,14.5228,43.3594,171.047,23.9134,137.144,582.761,981.515,227.206,26.8139,66.03,253.494,277.873,120.228,162.92,109.564,95.7624,132.76,385.118,14.4808,15.2237
9vliw_m_9stages_iq3_C1_bug9.cnf,90ea7ffb0c4bf9a38b59a628b2a2b091,150.559,158.258,81.8136,909.891,148.733,149.452,150.824,775.551,979.614,39.622,91.4681,69.9064,905.796,99.7648,565.496,963.292,443.921,44.4632,68.7306,252.972,278.103,104.781,77.0523,95.7954,133.204,75.4535,245.593,40.7538,39.718
6s9.cnf,f54470bb4dfb69405565690000e6ad0d,432.428,865.398,1597.72,2290.25,1894.44,1032.89,851.934,1141.1,1554.49,947.184,524.834,930.485,1981.89,5000.0,815.665,3667.64,531.413,5000.0,534.25,557.591,479.645,3374.91,5000.0,5000.0,432.603,621.552,662.715,4581.08,3910.49
6s126.cnf,31dc7c0e4b44b910921e279423c0ab43,1264.15,5000.0,769.193,529.465,5000.0,5000.0,5000.0,5000.0,5000.0,1329.5,1168.76,2365.75,2259.99,5000.0,1457.97,5000.0,5000.0,5000.0,4305.58,5000.0,5000.0,5000.0,1316.67,5000.0,3017.56,5000.0,5000.0,5000.0,5000.0
9vliw_m_9stages_iq3_C1_bug7.cnf,ecd02c69e30c7eb00aec1121b50e9d05,12.1132,26.7489,71.2692,413.325,101.133,12.7071,11.9172,228.834,158.943,25.3621,18.2602,62.8814,13.5679,576.878,539.107,650.325,246.63,20.7228,69.8254,248.77,262.49,78.5281,199.5,111.423,54.7927,100.287,224.153,24.9132,25.2182
6s133.cnf,87011213a5f53bb556d2e43776b67802,322.276,512.018,694.382,2000.55,1554.51,994.05,987.44,883.695,1047.48,641.989,582.754,568.44,1730.53,5000.0,792.045,3706.23,388.243,3611.81,404.238,417.764,425.764,3388.62,5000.0,5000.0,354.073,387.755,430.052,3940.72,3437.79
9vliw_m_9stages_iq3_C1_bug4.cnf,ac9f0a08db1c99432bfb1d046a892d81,32.576,46.9989,116.581,240.093,185.891,33.3369,32.3891,1353.42,1024.61,54.4087,71.9791,156.885,1181.54,237.886,595.394,994.168,522.562,57.7902,123.134,236.315,268.348,132.009,181.904,109.372,44.2453,168.345,396.883,52.681,53.6848
9vliw_m_9stages_iq3_C1_bug1.cnf,e8136540b3c2a46fda0c0136afb0a405,59.294,75.7275,190.651,643.309,263.263,58.6261,59.7269,1373.8,760.067,117.683,100.283,157.023,924.27,94.7276,560.88,955.396,250.882,51.0732,96.1734,212.688,280.124,96.9343,245.334,114.722,23.1045,101.302,310.765,117.606,118.43
9dlx_vliw_at_b_iq4.cnf,6fcbaf8c6c7ed0c41d8ac12258cafaee,418.065,5000.0,329.139,489.929,664.153,289.463,264.975,408.906,266.471,337.333,306.425,359.129,464.684,1929.99,353.673,413.444,493.076,5000.0,412.997,324.042,286.008,327.099,272.716,5000.0,227.696,211.571,482.703,2025.03,1164.86
total-10-15-s.cnf,c19d8230b3c2026af5f29abce0d10f19,86.8008,74.5577,84.4682,97.2072,322.633,205.652,132.361,27.1629,183.281,9.39357,385.798,490.509,89.8273,592.92,186.055,117.66,23.0595,53.5249,98.528,78.0261,78.807,59.5969,71.3312,5000.0,23.4044,66.7549,346.043,2070.74,865.321
partial-5-15-s.cnf,aeddf6934ba21adf4a25a76bc314ef43,68.7176,99.6309,385.532,203.593,101.451,184.583,358.213,216.92,147.064,390.336,142.088,164.648,162.144,1834.01,121.774,216.179,383.661,703.555,119.871,139.538,141.856,328.215,186.284,5000.0,101.308,182.678,114.637,2342.26,681.615
partial-5-13-s.cnf,8440e7259e120363fc65b24385da09e8,213.712,29.4085,34.7127,102.432,49.6814,27.1759,44.1873,71.7361,54.0298,106.333,21.9887,59.8709,115.454,360.912,145.031,106.455,40.6288,22.3786,33.2469,28.6236,30.4734,42.0996,60.8577,1410.91,46.086,71.3472,53.0499,1470.43,746.063
partial-10-11-s.cnf,3435b921c4acd15d51fed09386b58888,400.33,253.344,238.733,438.865,1176.63,440.127,1142.11,134.529,115.447,120.822,302.329,1946.23,209.707,297.474,738.663,156.088,52.2291,259.863,361.617,337.938,341.936,262.685,751.349,5000.0,44.9212,624.414,153.058,1787.26,3554.36
6s139.cnf,ed6052d7ff9094ceca2340e6f2abf5af,3568.7,5000.0,5000.0,4557.38,5000.0,5000.0,5000.0,4239.72,5000.0,3406.67,3021.05,3692.4,3597.47,5000.0,5000.0,5000.0,3823.38,2983.3,4393.91,5000.0,5000.0,5000.0,3052.14,5000.0,5000.0,4479.09,5000.0,5000.0,5000.0
partial-5-17-s.cnf,cd6cb5ea01688ce5beec6e625055ac90,436.244,3079.06,1599.05,1418.77,1846.5,1055.48,394.591,292.916,680.883,1488.78,1277.73,1134.3,2653.55,1667.19,461.524,238.298,1879.93,225.225,538.727,2667.9,2703.67,2070.52,614.27,5000.0,930.761,708.288,1179.53,5000.0,2225.83
partial-10-19-s.cnf,d1c031feea2b01bb6670a4d0116bbd23,5000.0,5000.0,5000.0,5000.0,5000.0,5000.0,5000.0,5000.0,684.179,5000.0,5000.0,5000.0,5000.0,5000.0,5000.0,423.493,5000.0,5000.0,5000.0,5000.0,5000.0,5000.0,1963.5,5000.0,5000.0,5000.0,5000.0,5000.0,5000.0
partial-5-19-s.cnf,e244a296f9644a797dad8a0d16013dcf,520.5,527.434,244.715,898.592,457.937,274.745,176.707,127.02,540.83,160.518,515.923,1198.52,601.788,5000.0,447.87,1137.87,548.195,475.499,560.201,266.631,257.78,629.985,532.685,5000.0,274.29,632.776,873.461,1450.29,1253.8
vmpc_30.cnf,8df6cfaff4435ad2a04367a34fb047c1,58.0932,516.183,1446.18,44.9962,53.6578,284.933,182.026,416.851,1244.23,1517.09,754.062,168.516,711.109,1260.81,213.475,213.374,538.898,837.963,68.4446,146.863,147.193,167.192,1517.34,2991.69,12.3311,282.502,1082.4,652.292,2115.73
beempgsol5b1.cnf,b7d7cc3ee4e6e066c15c34f841c0e961,117.019,139.483,164.597,4494.91,4840.97,5000.0,2840.42,135.792,91.6761,216.76,104.553,198.065,99.8478,5000.0,529.968,118.093,84.9191,2305.44,135.839,220.865,220.062,5000.0,5000.0,5000.0,97.3442,86.7318,153.102,5000.0,1948.8
ctl_4291_567_10_unsat.cnf,605552b8a4c3682ea141de557f284722,466.585,817.068,1014.5,1024.54,1055.64,476.721,474.34,1148.6,2104.16,644.08,545.19,952.936,1611.97,2724.06,1696.89,1698.76,616.784,798.046,570.599,518.468,524.504,1323.22,1064.01,801.391,423.753,616.544,627.834,1230.0,1200.21
vmpc_29.cnf,1e81246225c81a67548d334d1dfcc24b,153.108,66.2399,5000.0,536.358,2026.34,118.06,118.197,4815.23,1062.76,122.977,45.4061,213.378,650.619,3247.48,407.799,407.156,684.629,76.2584,401.656,250.782,251.27,372.05,527.163,1848.94,107.724,500.51,170.735,949.178,723.571
vmpc_33.cnf,4c4d694bb911a7a13a7cb66a99dd484c,546.166,1687.76,622.658,5000.0,5000.0,1010.47,704.308,5000.0,5000.0,114.228,5000.0,4444.22,1188.52,28.5847,160.278,160.203,1584.68,5000.0,783.296,3324.95,3371.18,106.401,1326.02,1705.67,121.974,115.053,2062.52,230.441,714.532
pb_400_02_lb_15.cnf,16e4f7136121630fb776cbad00a74e51,250.131,69.2895,170.121,221.292,88.0056,137.826,103.958,130.763,380.865,160.043,80.4788,257.157,1683.04,1043.84,400.52,947.983,195.911,32.3071,115.661,311.535,307.805,439.429,339.267,5000.0,318.105,375.455,258.689,1265.22,1013.04
SAT_dat.k85.cnf,5039894e4acfbd347d86db1e0b40801e,5000.0,5000.0,5000.0,5000.0,5000.0,5000.0,5000.0,5000.0,4290.95,5000.0,5000.0,5000.0,5000.0,5000.0,2771.03,2730.92,5000.0,5000.0,5000.0,5000.0,5000.0,1896.26,2432.75,5000.0,5000.0,5000.0,5000.0,5000.0,5000.0
SAT_dat.k100.cnf,eee4630cdd1939510afc0bd0396af539,5000.0,5000.0,5000.0,5000.0,5000.0,5000.0,5000.0,5000.0,5000.0,5000.0,5000.0,5000.0,5000.0,5000.0,4386.64,4394.05,5000.0,5000.0,5000.0,5000.0,5000.0,3614.23,4295.34,5000.0,5000.0,5000.0,5000.0,5000.0,5000.0
aaai10-planning-ipc5-pipesworld-12-step15.cnf,86980f7370ece00291f2970256db731a,192.835,203.624,98.815,459.176,396.29,245.473,176.758,119.647,59.8019,279.892,250.145,329.039,64.2212,3374.22,276.503,130.402,227.509,498.568,266.459,229.219,227.391,188.217,140.082,848.866,164.143,86.2529,247.045,577.329,823.184
gss-17-s100.cnf,a5acf68fdb8596748ff1a3d5aad962ba,148.019,56.2714,401.28,16.4135,106.905,81.2516,24.8832,181.98,87.9726,3.38748,11.8812,189.838,198.131,1938.4,250.096,185.145,69.3625,176.18,175.128,273.527,272.074,101.228,182.412,45.909,111.786,170.571,87.5807,585.529,888.285
gss-24-s100.cnf,790351bf154df794521d1ee020553727,5000.0,5000.0,5000.0,5000.0,5000.0,5000.0,5000.0,5000.0,5000.0,5000.0,5000.0,5000.0,2623.27,5000.0,5000.0,5000.0,5000.0,5000.0,5000.0,5000.0,5000.0,5000.0,5000.0,5000.0,2919.42,5000.0,5000.0,5000.0,5000.0
gss-23-s100.cnf,d47e6ce9b362e233b04697508dc1ae9c,5000.0,5000.0,5000.0,5000.0,5000.0,5000.0,5000.0,5000.0,5000.0,5000.0,5000.0,5000.0,5000.0,5000.0,861.048,861.84,5000.0,5000.0,5000.0,5000.0,5000.0,442.111,5000.0,5000.0,4913.23,5000.0,5000.0,5000.0,5000.0
bivium-40-200-0s0-0x66b619d7b8e447710bf43b794ded6cfaf1e75bb8a947e14c78-50.cnf,6ab7d7e8f60884823e31b3061b1a8799,4006.36,5000.0,5000.0,5000.0,5000.0,3007.96,5000.0,5000.0,2281.62,5000.0,5000.0,5000.0,5000.0,5000.0,5000.0,3597.98,5000.0,5000.0,4593.77,5000.0,5000.0,1487.46,3156.39,1108.51,4482.58,5000.0,4598.0,5000.0,5000.0
pb_400_10_lb_00.cnf,cc324f46eb87d3a6482cadc1d26183fb,32.576,58.892,65.824,11.5572,12.5401,49.6804,41.4607,30.5184,130.06,78.4501,57.1643,41.1487,42.9315,58.898,132.218,579.683,50.2144,33.5329,26.6459,24.1883,24.1023,74.0127,34.3058,5000.0,18.5582,163.121,12.898,405.987,679.813
UR-20-5p1.cnf,c530016627d60451f148c386bba0e9bf,1222.72,1669.21,992.919,1320.99,1169.6,638.37,1560.31,335.076,550.34,847.277,830.008,1530.23,1029.87,5000.0,846.522,839.528,1187.68,846.007,1121.71,1176.01,1173.45,343.191,786.425,3286.4,610.933,848.696,1568.9,5000.0,2614.21
UTI-20-5p1.cnf,10eca282b9263f77903cd90a479b46ee,351.26,793.36,507.805,588.967,1222.27,1175.5,1258.09,255.832,438.533,486.458,375.036,990.048,151.576,5000.0,758.173,448.444,385.191,162.77,558.079,557.937,539.314,258.41,1108.4,5000.0,1211.84,494.285,1456.1,2896.38,2204.43
gss-25-s100.cnf,ee84449b248eb58056a5effe5695d584,5000.0,5000.0,5000.0,5000.0,5000.0,5000.0,5000.0,5000.0,5000.0,5000.0,5000.0,5000.0,5000.0,5000.0,5000.0,5000.0,5000.0,5000.0,2237.76,5000.0,5000.0,5000.0,5000.0,5000.0,5000.0,5000.0,5000.0,5000.0,5000.0
UTI-15-10p1.cnf,95ee3bccf00be0d94959b7512fd434b4,193.56,415.017,155.572,295.944,300.929,269.406,242.82,260.496,238.944,107.001,173.357,310.056,255.644,1942.81,225.509,346.366,162.763,176.415,278.633,161.642,169.551,189.29,381.121,657.357,97.7621,230.511,277.232,2805.54,890.297
UR-20-5p0.cnf,782c70d5631cbc24bc659543ee69ca8b,640.368,1815.17,829.502,686.796,883.53,1360.93,949.633,360.235,512.654,700.091,636.848,886.974,747.68,5000.0,1067.29,481.417,709.082,1547.36,822.018,771.743,778.141,577.289,754.234,1832.35,644.241,697.474,962.849,3911.68,1880.35
UR-15-10p0.cnf,a860cf613d4e0cb34c00f8b79611121d,748.903,1823.53,677.772,739.865,915.319,1586.6,983.695,416.335,584.579,640.255,906.463,731.993,455.251,5000.0,752.757,753.976,810.999,1019.49,1447.96,1823.12,1888.4,268.099,409.845,1035.57,673.596,2225.21,1079.98,5000.0,3514.52
ctl_4291_567_2_unsat_pre.cnf,716543d904be1c6f399d65f1fd25095a,1037.51,1628.36,1901.96,3409.55,2959.84,909.908,914.984,2709.14,3306.81,1369.37,1326.16,2936.52,789.785,5000.0,1351.12,3250.34,1410.34,1978.12,1376.84,1024.61,1215.84,2945.72,2517.61,1728.03,1054.04,1382.69,1169.6,2582.27,1963.56
b04_s_unknown.cnf,58dc93c46b05af12f6d535d49a92aaad,5000.0,5000.0,5000.0,2189.15,5000.0,5000.0,5000.0,2357.03,5000.0,1956.06,5000.0,2942.01,5000.0,5000.0,5000.0,5000.0,5000.0,5000.0,5000.0,5000.0,5000.0,5000.0,2235.33,3064.45,5000.0,5000.0,5000.0,5000.0,5000.0
UR-20-10p1.cnf,6ace5cfbe110f1a43049037cb7432998,5000.0,5000.0,5000.0,5000.0,2486.6,5000.0,5000.0,4036.12,4439.09,5000.0,5000.0,4452.12,5000.0,5000.0,3654.3,3657.8,5000.0,5000.0,5000.0,5000.0,5000.0,3210.93,2691.43,5000.0,5000.0,5000.0,5000.0,5000.0,5000.0
ctl_4291_567_9_unsat.cnf,f950dafee8bd3d3f346b72510ee9f41f,391.07,586.689,867.77,814.814,898.407,373.245,372.878,880.189,1575.43,541.102,543.748,820.651,405.366,1669.65,426.252,1571.73,561.582,727.101,536.857,414.921,404.676,1180.07,840.355,824.91,430.199,429.302,523.381,1062.98,1146.62
ctl_4291_567_7_unsat.cnf,c1284e57481ce089e620925053b2eb40,448.48,514.956,767.872,1060.28,769.893,362.398,360.019,809.711,1535.41,465.02,548.683,900.413,1442.47,1953.21,812.24,1426.2,531.804,752.126,490.572,426.122,423.146,1026.74,969.438,1081.78,411.216,467.47,516.489,941.821,1065.93
ctl_4291_567_9_unsat_pre.cnf,ae874a94389bac3313e1fd89869014c9,427.078,807.309,850.67,763.983,720.801,404.358,409.842,1062.1,1735.14,707.199,610.774,780.492,1529.89,2309.77,859.673,1734.54,630.352,659.106,538.629,452.601,455.435,1344.68,967.319,647.97,420.083,434.043,631.89,1355.28,1304.92
ctl_4291_567_12_unsat_pre.cnf,fe434a0137486571f66e465d19661a10,594.55,1095.14,1117.39,905.41,1016.18,647.193,648.767,650.157,685.953,642.576,673.443,927.426,651.138,2363.9,1099.92,1096.79,743.767,908.353,793.382,689.981,691.645,675.716,652.417,821.946,542.271,585.316,612.272,1333.26,1240.07
k_unsat.cnf,173e4ee64c1de40066386509dff5d0f1,5000.0,5000.0,5000.0,5000.0,5000.0,5000.0,5000.0,5000.0,5000.0,5000.0,5000.0,5000.0,5000.0,5000.0,5000.0,5000.0,5000.0,5000.0,5000.0,5000.0,5000.0,5000.0,5000.0,5000.0,5000.0,5000.0,5000.0,5000.0,5000.0
ctl_4201_555_unsat.cnf,fa717e15e25e92a04c4f2ed10d210187,683.26,1139.04,1747.17,1904.11,2635.71,861.71,865.625,2158.32,2945.49,1005.49,1106.42,2216.71,2131.36,2954.15,2566.72,2567.42,1002.02,1978.04,976.442,877.197,872.336,2231.94,1745.38,1410.54,681.55,959.182,919.911,2243.2,1698.28
ctl_4201_555_unsat_pre.cnf,c575a5fb69f0d1d6884ba588b9078f4b,927.592,1459.24,1785.87,3826.23,3443.35,924.042,920.912,2423.13,2354.91,987.056,1158.19,2578.43,1836.0,5000.0,1379.39,2719.85,938.727,2175.11,1216.15,967.674,929.865,2411.65,2225.86,1686.98,738.696,1092.01,1189.51,2360.71,1577.46
b04_s_unknown_pre.cnf,34d558ef111eed0f545a21fe42317ac8,414.087,2106.36,1134.85,139.545,876.835,1063.58,421.149,208.73,1321.32,359.435,181.932,224.822,1545.78,624.325,716.698,719.299,597.915,316.247,622.331,447.533,450.567,246.48,388.458,3429.68,643.955,2681.49,385.969,519.141,853.462
bivium-40-200-0s0-0xd447c33176b6b675fd5f8dc3a5deda46569dc34eedf37da020-6.cnf,7955e187694db576fdfbb3b07b99ff39,1995.81,5000.0,5000.0,3629.46,5000.0,5000.0,1884.69,5000.0,2974.46,4797.91,5000.0,3402.7,3289.2,5000.0,2406.06,3389.82,5000.0,3594.7,2053.58,3067.03,4214.58,1128.79,1814.36,1162.19,2501.12,5000.0,2835.08,5000.0,5000.0
ctl_3082_415_unsat.cnf,1b1bb970cddedf332a556c40d7de3284,668.409,1168.56,1215.6,2317.39,2433.49,643.992,649.98,2428.09,2858.05,1302.04,890.301,1280.85,1882.16,5000.0,1183.54,3335.71,911.725,1245.12,912.002,693.554,695.393,3042.68,1917.59,1051.9,663.407,947.617,933.103,2334.35,1706.66
ctl_4291_567_7_unsat_pre.cnf,bc173345c2bf46326769a4766eaf6cbc,380.88,702.378,796.196,867.092,913.751,444.758,442.14,856.444,1644.56,472.253,574.888,972.042,409.605,2516.0,898.702,1695.42,604.731,647.262,568.29,481.466,481.418,1318.33,1103.78,850.786,421.985,498.846,585.901,960.821,1072.6
b_unsat.cnf,c40cad77d14e171e1134e128a4ad365b,836.721,1200.51,1179.21,2284.03,2041.27,928.891,853.49,964.251,1645.7,706.765,1070.84,1343.93,654.099,5000.0,2261.75,2256.19,997.077,2156.18,1240.85,415.489,272.617,1829.51,2105.97,962.501,890.072,806.818,914.911,1415.46,1288.36
b04_s_2_unknown_pre.cnf,3d6547839860e628a0bd683c0666d3ed,5000.0,5000.0,5000.0,5000.0,5000.0,5000.0,5000.0,5000.0,5000.0,5000.0,5000.0,5000.0,5000.0,5000.0,4196.6,4130.35,5000.0,5000.0,5000.0,5000.0,5000.0,3829.11,5000.0,5000.0,5000.0,5000.0,5000.0,5000.0,5000.0
velev-pipe-sat-1.0-b7.cnf,612845a855119304b698a4b55aed3089,22.1886,76.7763,192.059,82.7004,175.754,94.9176,241.013,169.53,738.776,237.753,129.291,96.7463,81.6746,12.2381,609.803,786.917,2011.42,502.895,216.023,730.192,413.138,67.0678,180.949,5000.0,146.05,118.207,322.102,5000.0,837.709
ctl_4291_567_1_unsat.cnf,773d418074b6b9509b6bb687d89efe2e,826.524,1133.35,1853.77,2893.06,3436.44,753.043,702.162,2294.58,3718.06,1094.05,970.145,2500.74,1864.02,3427.23,2500.17,2482.73,1037.91,1891.67,875.71,781.61,786.699,2157.13,1789.37,2126.61,733.888,961.99,900.616,2213.02,1690.12
pb_400_04_lb_19.cnf,360567b6b0a9bd59c9f198620c0062e9,241.395,578.28,74.1977,167.17,220.423,272.232,110.366,4153.19,1006.5,205.54,191.661,365.297,1363.26,313.426,489.481,1517.71,39.366,110.088,141.773,180.053,178.518,1002.57,507.338,5000.0,358.71,576.313,118.117,1193.33,799.063
bivium-40-200-0s0-0x92fc13b11169afbb2ef11a684d9fe9a19e743cd6aa5ce23fb5-19.cnf,0ae3a2a95f1bc240aef89572f47d88ca,2353.71,1964.72,5000.0,4953.82,5000.0,2349.18,4987.83,5000.0,2376.37,2871.46,5000.0,3864.08,5000.0,5000.0,5000.0,2979.48,5000.0,2889.37,5000.0,5000.0,5000.0,1304.2,947.969,672.963,5000.0,5000.0,5000.0,5000.0,3102.92
hitag2-10-60-0-0xdf7fa6426edec07-17.cnf,2c7e0cca7c8d52ec8c006ea94a2f83f5,5000.0,5000.0,5000.0,5000.0,5000.0,5000.0,5000.0,5000.0,4287.16,5000.0,5000.0,5000.0,4638.3,5000.0,5000.0,2728.95,5000.0,5000.0,5000.0,5000.0,5000.0,2387.64,1614.08,1516.21,5000.0,5000.0,5000.0,5000.0,5000.0
ctl_4291_567_1_unsat_pre.cnf,46ad5632615418a443775fc79840f004,818.051,1330.0,1954.88,5000.0,3861.44,816.578,816.347,2442.74,2521.06,1052.8,1328.99,2295.93,1806.79,4686.77,1278.98,2969.79,1179.39,1726.23,1242.58,856.183,967.374,2649.44,2380.64,2228.03,828.73,1155.16,1124.66,2251.25,1654.72
ctl_4291_567_6_unsat.cnf,aacb9e1008a2dba331f390d59a27ed60,5000.0,5000.0,5000.0,5000.0,5000.0,5000.0,5000.0,5000.0,5000.0,5000.0,5000.0,5000.0,5000.0,5000.0,5000.0,5000.0,5000.0,5000.0,5000.0,5000.0,5000.0,5000.0,5000.0,5000.0,5000.0,5000.0,5000.0,5000.0,5000.0
minandmaxor128.cnf,5b2e2178738883a628728bb1ec39f4a9,2171.78,3534.6,4117.92,2698.67,2844.42,4223.12,3706.02,4846.15,3326.92,3572.71,3270.83,5000.0,4928.03,5000.0,5000.0,5000.0,5000.0,5000.0,5000.0,5000.0,5000.0,5000.0,2961.09,5000.0,5000.0,4402.66,5000.0,5000.0,5000.0
ctl_3082_415_unsat_pre.cnf,53e39ded520c9bd4471660021b2dcccc,711.631,1626.4,1206.05,2690.36,2344.96,661.013,655.577,2168.33,2968.97,1203.73,814.067,1581.5,635.664,5000.0,1109.26,3158.78,935.607,1324.5,888.239,713.195,710.779,3147.62,2143.97,1211.02,660.001,978.048,842.177,2326.3,1796.66
ctl_4291_567_12_unsat.cnf,1ce37abcbb8439542001e09f48e54841,624.074,852.74,836.389,807.274,1003.18,461.15,464.503,432.528,808.376,378.409,772.064,902.26,778.993,1755.12,1163.51,1162.83,585.2,831.923,559.645,630.562,633.475,748.361,630.064,637.891,605.572,408.994,612.84,644.16,965.016
b_unsat_pre.cnf,d803299a1a472130cc997311f1f0cf08,552.275,758.142,709.449,1444.69,1348.05,552.063,613.866,594.661,918.516,431.423,780.087,956.33,451.168,4122.9,1231.46,1230.87,619.683,1348.77,762.794,630.439,596.709,789.891,1331.25,627.519,528.769,504.136,656.832,908.759,1016.36
ctl_4291_567_10_unsat_pre.cnf,b5f5d7fc9b2cef76046f0bd9d7ceb39a,491.139,1148.92,960.228,1049.72,980.289,507.119,500.145,1233.0,1888.6,912.136,646.414,1071.49,1618.41,2703.03,949.772,1716.17,704.68,861.383,636.55,466.775,468.598,1332.68,1054.33,1067.85,538.09,511.333,733.25,1883.42,1521.39
ctl_4291_567_6_unsat_pre.cnf,6f0605ff0e448a47eaed348d55a16bc4,5000.0,5000.0,5000.0,5000.0,5000.0,5000.0,5000.0,5000.0,5000.0,5000.0,5000.0,5000.0,5000.0,5000.0,5000.0,5000.0,5000.0,5000.0,5000.0,5000.0,5000.0,5000.0,5000.0,5000.0,5000.0,5000.0,5000.0,5000.0,5000.0
ctl_4291_567_2_unsat.cnf,811f9b879a56da7c9475ed451490ead2,899.768,1566.26,2289.82,2198.98,2882.89,1057.79,914.21,2451.21,4783.76,1511.95,1191.31,2724.47,1892.04,3715.22,3110.73,3135.34,1054.1,1662.9,1186.72,990.802,973.189,2824.27,2121.77,1698.07,965.688,1083.75,1153.9,2824.98,1754.41
ctl_4291_567_8_unsat_pre.cnf,f8bd6fca4bd2adaaa64cc40b82565e2b,5000.0,5000.0,5000.0,5000.0,5000.0,5000.0,5000.0,5000.0,5000.0,5000.0,5000.0,5000.0,5000.0,5000.0,5000.0,5000.0,5000.0,5000.0,5000.0,5000.0,5000.0,5000.0,5000.0,5000.0,5000.0,5000.0,5000.0,5000.0,5000.0
ctl_4291_567_8_unsat.cnf,9e9509e53f24c36ad7cf4d2124b3c979,5000.0,5000.0,5000.0,5000.0,5000.0,5000.0,5000.0,5000.0,5000.0,5000.0,5000.0,5000.0,5000.0,5000.0,5000.0,5000.0,5000.0,5000.0,5000.0,5000.0,5000.0,5000.0,5000.0,5000.0,5000.0,5000.0,5000.0,5000.0,5000.0
ctl_4291_567_5_unsat.cnf,ec0b603035b374a0325d8e4748c17b67,5000.0,5000.0,5000.0,5000.0,5000.0,5000.0,5000.0,5000.0,5000.0,5000.0,5000.0,5000.0,5000.0,5000.0,5000.0,5000.0,5000.0,5000.0,5000.0,5000.0,5000.0,5000.0,5000.0,5000.0,5000.0,5000.0,5000.0,5000.0,5000.0
aaai10-planning-ipc5-pathways-17-step20.cnf,8f0e3738453893efc8a2d1abcf0d190d,458.751,540.853,249.443,431.982,781.839,435.109,669.29,90.5402,171.053,628.25,601.409,752.774,352.172,1737.1,637.474,244.955,491.547,1402.41,701.643,521.018,519.078,201.483,424.922,827.229,409.14,263.508,427.407,1066.54,1024.36
ctl_3791_556_unsat.cnf,b07ffb3e91c0ceac55a5845e73cb7377,5000.0,5000.0,5000.0,5000.0,5000.0,5000.0,5000.0,5000.0,5000.0,5000.0,5000.0,5000.0,5000.0,5000.0,5000.0,5000.0,5000.0,5000.0,5000.0,5000.0,5000.0,5000.0,5000.0,5000.0,5000.0,5000.0,5000.0,5000.0,5000.0
ctl_4291_567_11_unsat.cnf,33022bb0cc379a2c3035f0b59b75c41b,5000.0,5000.0,5000.0,5000.0,5000.0,5000.0,5000.0,5000.0,5000.0,5000.0,5000.0,5000.0,5000.0,5000.0,5000.0,5000.0,5000.0,5000.0,5000.0,5000.0,5000.0,5000.0,5000.0,5000.0,5000.0,5000.0,5000.0,5000.0,5000.0
aaai10-planning-ipc5-pathways-17-step21.cnf,4f6c74152fcb90409ea0105b51afa3bd,91.2231,85.9639,1146.19,1586.72,5000.0,3036.25,5000.0,622.814,158.182,496.682,5000.0,2897.87,258.903,5000.0,1113.29,326.91,1691.69,4484.68,5000.0,658.028,658.756,682.319,622.139,752.8,2520.51,2267.76,386.783,3114.66,1253.21
aaai10-planning-ipc5-TPP-21-step11.cnf,00d93f117a3253605ad3ac6a153ec61f,1227.67,1602.64,1054.68,2590.58,2544.89,1142.56,1040.15,477.305,562.71,1090.33,2073.94,1701.47,1517.91,5000.0,1504.72,1493.69,1399.78,5000.0,2350.97,1308.71,1326.56,1082.43,2108.64,5000.0,1293.99,888.353,1336.63,3041.1,2048.81
aaai10-planning-ipc5-pathways-13-step17.cnf,e7acb1f64be7eb3ff1367dad08444685,416.578,534.333,400.471,1870.55,1578.81,485.058,576.457,100.429,155.246,828.405,962.782,910.052,155.285,4470.18,735.171,178.534,441.219,2423.55,787.424,804.106,802.904,316.923,438.343,851.981,471.527,292.692,560.38,1471.3,1183.41
aaai10-planning-ipc5-TPP-30-step11.cnf,9bfe4b40d3567ce3687a43a15fbd33eb,50.3923,187.526,77.8392,101.774,81.9755,66.2989,133.565,124.862,56.6034,24.0623,96.3574,111.41,50.9832,454.95,261.915,400.402,182.619,93.3108,73.5298,54.6817,105.128,198.053,224.653,242.316,53.8078,23.4644,177.467,284.291,631.683
aes_32_3_keyfind_2.cnf,3fa9101d04cd46f278ef4d2bd1e75643,334.312,2048.88,5000.0,4072.34,5000.0,5000.0,144.564,319.89,1534.55,1251.12,3538.91,4101.77,5000.0,5000.0,722.384,1943.02,4627.25,305.999,5000.0,1769.38,1752.2,1153.15,1253.42,1070.77,4601.94,3942.18,68.2906,254.557,5000.0
smtlib-qfbv-aigs-servers_slapd_a_vc149789-tseitin.cnf,9fe9fe24bc28c127c9f6b6416a14f727,3582.29,1941.07,1.85372,612.315,2888.8,907.394,3680.29,5000.0,5000.0,5000.0,4576.15,1.60675,2555.55,2528.0,5000.0,1929.36,4666.82,3020.89,4.96225,12.883,15.0477,1443.59,1052.89,1.9527,1.73873,1.68974,2.11168,2525.05,1405.04
