Instance,MD5,SparrowToRiss,dk-SAT11,march_br,gluebit_clasp,clasp_vflip,GlucoRed,Solver43a,Solver43b,forl,strangenight,relback,gluH,ZENN,MIPSat,MIPSat,SAT4J,CSHCcombCS,gNovelty+GCa,gNovelty+GCwa,Riss3g (disqualified),satUZK,gluH_simp,BreakIDGlucose,ShatterGlucose,Lingeling,Lingeling,sattime2013,minipure,glucose,glueminisat,Riss3g,sattimeRelbackSeq,sattimeClasp,sattimeRelbackShr,RSeq (not competing)
sgen3-n240-s78945233-sat.cnf,1f90ac4288669aff970e47f4201b5ea4,82.1015,3182.2,5000.0,5000.0,5000.0,5000.0,5000.0,5000.0,5000.0,5000.0,5000.0,5000.0,5000.0,3.85241,3.77243,5000.0,473.02,3740.1,115.365,5000.0,5000.0,5000.0,5000.0,5000.0,5000.0,5000.0,150.447,5000.0,5000.0,5000.0,5000.0,113.722,113.329,177.421,112.222
sgen3-n140-s18527668-sat.cnf,d6f66d406779966e0b3cbed9097980e3,0.464928,5.20621,1.92871,27.2349,0.304952,5000.0,122.1,2670.71,4718.84,692.27,148.971,75.9804,131.617,0.689894,0.659899,269.327,92.6919,0.938857,15.6486,450.062,36.3405,3524.6,286.716,287.771,377.95,190.07,0.301954,0.149976,244.509,2222.05,729.585,0.093985,0.094985,0.063989,0.094985
em_8_4_5_cmp.cnf,0b9eae71c375cb5515f5dd7953424584,441.949,5000.0,5000.0,16.5015,10.7134,5000.0,5000.0,5000.0,5000.0,5000.0,5000.0,5000.0,5000.0,499.508,493.432,5000.0,1437.36,5000.0,5000.0,5000.0,1006.3,5000.0,5000.0,5000.0,5000.0,5000.0,102.629,243.616,5000.0,5000.0,5000.0,5000.0,3713.51,1091.16,5000.0
em_7_4_9_fbc.cnf,4259362ee72589b1a94d1f5c9f846a0b,665.827,5000.0,5000.0,12.4171,13.9139,49.2835,0.84887,0.852869,7.36588,0.745886,5.38818,1.9937,5.08023,1.70074,1.67274,38.3822,430.873,320.457,8.67468,19.941,10.5334,14.0579,3.48847,2.74358,30.5324,8.93264,387.953,25.7991,17.7873,17.0744,3.13752,1418.43,1416.2,17.4773,1414.79
crafted_n11_d6_c3_num2.cnf,a1a2189de40edcfce8a894d40db1683a,5000.0,23.8354,5000.0,2180.54,5000.0,960.745,2661.34,2684.73,536.66,195.937,2046.19,2487.71,5000.0,5000.0,5000.0,5000.0,5000.0,5000.0,5000.0,746.174,5000.0,2974.27,4467.31,1627.17,817.646,539.73,5000.0,5000.0,2790.95,892.27,1380.03,4520.93,5000.0,4589.6,4550.7
sgen1-sat-230-100.cnf,d3398dd8500ebb8513f455e4ea96b7e5,129.587,4079.19,5000.0,5000.0,378.649,5000.0,5000.0,5000.0,5000.0,5000.0,5000.0,5000.0,5000.0,12.0362,11.6532,5000.0,429.551,3502.93,974.512,5000.0,5000.0,5000.0,5000.0,5000.0,5000.0,5000.0,1.02684,4515.76,5000.0,5000.0,5000.0,14.2298,14.2478,43.9953,14.2128
hwb-n28-01-S136611085.shuffled-as.sat03-1627.cnf,17624c574c7f9ee0eff4cc4a13e42e12,5000.0,5000.0,2121.84,1273.28,1620.82,5000.0,5000.0,5000.0,5000.0,5000.0,3612.68,5000.0,3472.25,2450.87,2263.41,5000.0,1743.69,5000.0,5000.0,5000.0,5000.0,5000.0,5000.0,5000.0,5000.0,771.354,5000.0,870.79,5000.0,5000.0,5000.0,5000.0,3691.25,5000.0,5000.0
rbsat-v945c61409g7.cnf,cffaf116c6c0eb21439a109753d19c34,5.45517,125.015,2680.95,1164.42,27.6498,5000.0,1838.34,3725.35,602.888,3169.22,293.575,167.716,5000.0,68.0157,67.8347,5000.0,462.013,213.518,207.428,5000.0,3972.64,1719.62,65.541,65.649,5000.0,5000.0,1.39379,5000.0,2002.96,3507.27,534.853,3.21851,3.23551,17.1144,3.22151
hid-uns-enc-6-1-0-0-0-0-17599.cnf,a3ebaad33ad68fa06f01c4549d8b9124,975.917,5000.0,5000.0,1821.09,1390.39,825.159,1233.28,512.696,804.485,684.88,546.916,1014.8,952.186,1604.21,2476.7,5000.0,1536.53,5000.0,5000.0,626.011,1856.48,953.552,601.133,600.076,1730.58,5000.0,5000.0,2562.49,375.76,939.117,555.216,3035.81,3815.99,1188.4,2862.69
mod4block_2vars_10gates_u2_autoenc.cnf,a4aa05bad2a3138b013cb1793208898f,5000.0,5000.0,5000.0,3629.38,4325.25,2810.59,2687.49,2282.92,5000.0,5000.0,1040.14,5000.0,5000.0,5000.0,2330.35,1343.55,5000.0,5000.0,5000.0,3075.64,5000.0,4596.14,5000.0,5000.0,354.507,4428.35,5000.0,93.8157,2639.94,3235.73,5000.0,3543.02,5000.0,2901.64,4221.56
mrpp_4x4#10_20.cnf,c5e078dcd85c6d5e02773a8a307d01d7,387.612,5000.0,5000.0,0.945855,5000.0,6.81796,4.70328,3.48147,0.936857,9.05362,3.34749,2.72358,2.67459,3436.7,1031.26,4.48632,5000.0,5000.0,5000.0,1.58076,13.369,1.82272,2.22466,2.84057,16.2185,5.08923,5000.0,154.979,1.39779,3.39648,5.51116,2502.96,5000.0,6.30004,2502.63
Q3inK10.cnf,0d32a4893e12fa46a8943c5daeb46b88,13.7439,4.92625,2.6126,0.399938,14.2228,8.5327,19.758,19.627,11.7192,10.1984,0.270958,0.277957,8.71667,662.028,604.482,1.35379,579.071,0.195969,0.198968,13.7669,0.375942,8.85165,11.3513,27.4948,0.693894,0.408936,633.728,10.5734,8.50071,8.70068,109.368,636.702,633.257,591.538,633.563
crafted_n12_d6_c3_num26.cnf,c750064853eec266689c8c2d61f9a6b2,5000.0,30.5134,5000.0,2134.95,5000.0,724.484,5000.0,5000.0,602.522,889.387,2582.19,3489.95,5000.0,5000.0,5000.0,5000.0,5000.0,5000.0,5000.0,1819.07,5000.0,4353.91,859.725,3622.25,586.203,1866.08,5000.0,5000.0,2572.65,702.974,1826.35,5000.0,5000.0,5000.0,5000.0
hid-uns-enc-6-1-0-0-0-0-30547.cnf,3011ad2f0a10a61a1e51568ed4d9bf29,549.409,5000.0,5000.0,2892.0,3041.27,619.927,1126.04,296.227,526.256,963.272,549.475,794.096,478.373,2687.67,3349.49,5000.0,3501.73,5000.0,5000.0,506.797,2788.99,718.693,338.558,344.838,1407.55,2380.59,5000.0,3463.4,376.763,392.008,370.503,3035.5,5000.0,825.585,2996.63
rbsat-v1150c84314gyes4.cnf,52baff3dd482e0c114f02929f65abe35,1.9387,3724.9,4019.54,5000.0,5000.0,5000.0,5000.0,5000.0,5000.0,5000.0,5000.0,5000.0,5000.0,24.3413,24.1323,5000.0,444.784,693.814,204.209,5000.0,5000.0,5000.0,5000.0,5000.0,5000.0,5000.0,2.25466,5000.0,5000.0,5000.0,5000.0,4.74528,4.75028,7.40887,4.70828
crafted_n10_d6_c4_num4.cnf,a431aefbd1ca4c3d97726cd9c01cdb39,5000.0,40.0029,5000.0,1930.12,5000.0,715.886,3303.92,3292.22,646.324,1054.69,2299.83,4105.57,5000.0,5000.0,1639.29,5000.0,5000.0,5000.0,5000.0,1310.31,5000.0,3773.19,2600.41,4377.07,409.448,5000.0,5000.0,5000.0,2891.28,533.729,745.271,2315.67,5000.0,2301.94,2327.21
shift1add.22961.cnf,683297598ff63e12f0bde9f73e25f9fb,2756.19,33.195,1988.0,564.09,1306.27,5000,1432.39,207.685,2.53761,2.51562,5000.0,5000.0,46.5519,1.2838,1.25581,5000.0,1781.04,5000.0,5000.0,1384.93,5000.0,38.7411,55.7825,26.9279,7.9098,2.67159,1.21181,151.83,58.5181,11.7102,5000.0,1.22581,1.15282,1.20382,1.17682
crafted_n12_d6_c4_num27.cnf,61924f147879fa682e78a8ab00bd1e79,5000.0,53.3899,5000.0,5000.0,5000.0,1533.79,3730.69,3782.52,605.192,881.016,5000.0,5000.0,5000.0,5000.0,5000.0,5000.0,5000.0,5000.0,5000.0,2651.62,5000.0,5000.0,5000.0,5000.0,573.069,691.349,5000.0,5000.0,5000.0,2330.99,1315.13,5000.0,5000.0,5000.0,5000.0
hid-uns-enc-7-1-0-0-0-0-20364.cnf,c4345b782c50bf294e36b7c88849e7a9,5000.0,5000.0,5000.0,5000.0,5000.0,5000.0,5000.0,5000.0,5000.0,5000.0,5000.0,5000.0,5000.0,5000.0,5000.0,5000.0,5000.0,5000.0,5000.0,5000.0,5000.0,5000.0,5000.0,5000.0,5000.0,5000.0,5000.0,5000.0,5000.0,5000.0,5000.0,5000.0,5000.0,5000.0,5000.0
rbsat-v945c61409gyes2.cnf,280a865808b90888947964c820f49e8d,1.72874,5000.0,1376.4,1427.73,89.2104,5000.0,611.853,501.123,730.747,2224.22,519.196,1970.36,557.633,60.4788,60.4848,5000.0,435.544,25.7891,225.049,3089.33,663.306,5000.0,5000.0,5000.0,2115.43,589.861,25.1472,4876.66,4311.31,998.549,1032.18,12.0742,11.9372,43.8723,12.0742
battleship-13-25-sat.cnf,cb11d19896d9616291a4869debb8ac0d,0.047991,742.449,67.1758,1051.79,0.023995,5000.0,5000.0,2535.5,5000.0,5000.0,5000.0,5000.0,5000.0,0.108982,0.097984,5000.0,408.425,0.004998,0.004998,5000.0,5000.0,5000.0,5000.0,5000.0,5000.0,326.871,0.019996,5000.0,5000.0,5000.0,5000.0,0.016997,0.016996,0.015997,0.019996
rbsat-v945c61409gyes4.cnf,49e72032349bc48537bde006f6571c3f,10.9533,5000.0,5000.0,5000.0,153.855,5000.0,5000.0,5000.0,5000.0,5000.0,5000.0,5000.0,5000.0,18.9451,18.9671,5000.0,462.068,142.669,121.349,5000.0,5000.0,5000.0,5000.0,5000.0,5000.0,5000.0,10.0735,5000.0,5000.0,5000.0,5000.0,34.9617,35.1856,52.0651,34.9767
p160_2.cnf,0eefe442f12ec3d404bb9b1ff73c7bd3,117.632,5000.0,5000.0,5000.0,241.033,5000.0,5000.0,5000.0,5000.0,5000.0,5000.0,5000.0,5000.0,80.7337,78.1171,5000.0,61.4687,928.284,221.056,5000.0,5000.0,5000.0,5000.0,5000.0,5000.0,5000.0,91.814,5000.0,5000.0,5000.0,5000.0,25.1382,25.2282,245.815,25.1072
p160_1.cnf,3074daeacdc3c4104adcdcb47eab62d5,129.324,5000.0,5000.0,5000.0,147.221,5000.0,5000.0,5000.0,5000.0,5000.0,5000.0,5000.0,320.12,201.793,203.082,5000.0,254.931,64.4192,146.385,5000.0,5000.0,5000.0,5000.0,5000.0,5000.0,5000.0,21.3967,5000.0,5000.0,5000.0,5000.0,217.815,218.075,47.9417,217.872
crafted_n11_d6_c4_num14.cnf,dc54441599690f3fb1a851485ad9193c,5000.0,38.3632,5000.0,5000.0,5000.0,2174.81,5000.0,5000.0,4713.37,4923.3,5000.0,5000.0,5000.0,5000.0,5000.0,5000.0,5000.0,5000.0,5000.0,5000.0,5000.0,5000.0,5000.0,5000.0,3514.22,5000.0,5000.0,5000.0,5000.0,4140.15,5000.0,5000.0,5000.0,5000.0,5000.0
LABS_n071_goal001.cnf,902b5df560d586a575885006f932ea56,5000.0,5000.0,5000.0,5000.0,5000.0,5000.0,5000.0,5000.0,4456.24,5000.0,4101.57,4457.73,4476.38,5000.0,5000.0,5000.0,5000.0,5000.0,5000.0,5000.0,4058.94,5000.0,5000.0,5000.0,5000.0,5000.0,5000.0,4180.55,5000.0,4222.88,4538.14,5000.0,5000.0,5000.0,5000.0
VanDerWaerden_pd_2-3-26_633.cnf,32f70ec6b236a9024ba8835118cefd63,234.493,5000.0,5000.0,5000.0,5000.0,5000.0,5000.0,5000.0,5000.0,5000.0,5000.0,5000.0,5000.0,5000.0,5000.0,5000.0,1634.49,247.082,51.8441,5000.0,5000.0,5000.0,5000.0,5000.0,5000.0,5000.0,5000.0,5000.0,5000.0,5000.0,5000.0,5000.0,5000.0,5000.0,5000.0
LABS_n045_goal003.cnf,1a81944b7a4e79f78e65994dc074c7f5,5000.0,5000.0,5000.0,5000.0,5000.0,5000.0,5000.0,5000.0,1836.3,5000.0,5000.0,4249.22,5000.0,5000.0,5000.0,5000.0,5000.0,5000.0,5000.0,5000.0,5000.0,5000.0,5000.0,5000.0,5000.0,5000.0,5000.0,5000.0,5000.0,739.206,5000.0,5000.0,5000.0,5000.0,5000.0
VanDerWaerden_pd_2-3-20_388.cnf,cb0aa312f3d05bcbb0f392381f8de3fa,4.14637,201.909,16.3085,120.391,3.2745,1387.02,171.178,171.025,930.739,1891.32,235.118,229.998,290.88,16.8914,16.7734,318.484,208.494,3.06053,1.39079,48.2167,53.9958,236.951,202.511,202.541,28.1517,281.432,13.7089,62.9054,197.513,250.439,8.97563,18.9941,18.9791,73.4328,18.9891
LABS_n078_goal006.cnf,26d998ed907755fa184adebb65d14c0f,5000.0,5000.0,5000.0,5000.0,5000.0,5000.0,5000.0,5000.0,5000.0,5000.0,5000.0,5000.0,5000.0,5000.0,5000.0,5000.0,5000.0,5000.0,5000.0,5000.0,5000.0,5000.0,5000.0,5000.0,5000.0,5000.0,5000.0,5000.0,5000.0,5000.0,5000.0,5000.0,5000.0,5000.0,5000.0
LABS_n067_goal001.cnf,61a8729adcd81c2ad24740568a05898c,3802.36,5000.0,5000.0,5000.0,4041.98,3914.11,4132.19,3781.16,2308.95,5000.0,1861.53,2183.13,1954.87,5000.0,5000.0,5000.0,4142.48,5000.0,5000.0,2427.5,1966.94,2796.53,2689.38,2774.0,3562.19,4617.79,5000.0,2137.56,2318.49,1992.3,2241.7,4411.67,5000.0,5000.0,5000.0
crafted_n12_d6_c3_num18.cnf,635d01615013fb15e35fbc43e3f0c429,5000.0,24.2553,5000.0,2284.58,5000.0,606.143,3519.45,3639.4,799.029,294.781,2123.06,3348.16,5000.0,5000.0,5000.0,5000.0,5000.0,5000.0,5000.0,769.065,5000.0,3042.8,785.707,5000.0,602.946,1248.81,5000.0,5000.0,2961.08,1378.39,660.427,4690.75,5000.0,4319.06,4633.94
crafted_n12_d6_c3_num21.cnf,3a97fe017c349ee19c7157c76d630acc,5000.0,24.7392,5000.0,2765.29,5000.0,799.427,3523.15,3545.81,923.018,290.223,2460.81,3348.73,5000.0,5000.0,5000.0,5000.0,5000.0,5000.0,5000.0,1531.59,5000.0,3120.73,4697.6,5000.0,671.294,5000.0,5000.0,5000.0,3481.92,1704.36,1035.31,4973.29,5000.0,5000.0,4957.27
LABS_n072_goal006.cnf,5edf0ecce9803481957875cae229da7d,4771.41,5000.0,5000.0,5000.0,1692.25,813.324,1256.16,5000.0,173.818,5000.0,5000.0,350.264,5000.0,5000.0,5000.0,5000.0,1840.32,5000.0,5000.0,5000.0,5000.0,950.659,1802.64,5000.0,5000.0,5000.0,5000.0,5000.0,4920.77,3337.97,5000.0,5000.0,2606.3,5000.0,4219.54
mm-2x3-8-8-sb.1.sat05-475.reshuffled-07.cnf,4a090b704246d3ad726ea9c32639743a,5000.0,5000.0,5000.0,5000.0,5000.0,5000.0,5000.0,5000.0,4864.15,5000.0,5000.0,5000.0,5000.0,5000.0,5000.0,5000.0,5000.0,5000.0,5000.0,5000.0,5000.0,5000.0,5000.0,5000.0,5000.0,5000.0,5000.0,1964.19,4591.07,3870.98,5000.0,5000.0,5000.0,5000.0,5000.0
hwb-n28-02-S818962541.sat05-492.reshuffled-07.cnf,64fc27f80f46bd97e9b696c2a1119c70,5000.0,5000.0,2444.33,2030.8,2436.68,5000.0,5000.0,5000.0,5000.0,5000.0,5000.0,5000.0,5000.0,3807.69,3243.29,5000.0,2665.7,5000.0,5000.0,5000.0,5000.0,5000.0,5000.0,5000.0,5000.0,2413.67,5000.0,1086.0,5000.0,5000.0,5000.0,5000.0,4407.55,5000.0,5000.0
prime2209-96.cnf,84e981de183f4d3f958452be6f23a822,511.522,5000.0,5000.0,3.50247,3.32649,1.41478,35.3536,7.07292,4.54431,2.00169,1.3168,1.44278,1.18882,987.361,986.913,35.7596,424.092,5000.0,5000.0,3.14852,1.57776,1.47178,4.80627,29.0546,8.16776,4.27435,555.527,1.49077,1.2988,1.50177,2.10468,483.61,485.47,16.1375,487.195
LABS_n053_goal004.cnf,d1accc66cec82391311906f0662c23ed,5000.0,5000.0,5000.0,5000.0,5000.0,5000.0,5000.0,202.752,5000.0,5000.0,242.484,1000.04,3302.62,5000.0,5000.0,5000.0,5000.0,5000.0,5000.0,5000.0,5000.0,5000.0,5000.0,5000.0,2225.43,5000.0,5000.0,5000.0,5000.0,545.611,5000.0,2752.45,5000.0,5000.0,5000.0
crafted_n10_d6_c3_num11.cnf,147237ce9e8c8a019ccd715a55bb449d,5000.0,17.4883,5000.0,1609.56,5000.0,917.825,1097.31,1091.66,457.099,1512.1,2610.21,1687.3,5000.0,5000.0,2653.09,5000.0,5000.0,5000.0,5000.0,947.389,5000.0,2434.48,635.789,1271.04,2394.74,5000.0,5000.0,5000.0,1445.62,417.968,650.079,5000.0,5000.0,3196.82,5000.0
prime2209-85.cnf,dbdee5c99db4f2efc8ca0699b8398464,495.627,5000.0,5000.0,2.72558,2.76658,1.23881,26.472,5.96409,4.02839,1.70974,1.13283,1.2828,1.04884,986.564,986.51,35.0277,420.545,5000.0,5000.0,2.82557,1.37479,1.17982,4.26135,22.1976,6.93394,2.55661,467.542,1.34479,1.14682,1.23881,1.70374,424.461,425.598,14.0399,422.451
crafted_n10_d6_c4_num19.cnf,1cd139147486db5fd2b8684b12118fe6,5000.0,39.521,5000.0,2682.04,5000.0,760.342,3414.24,3441.46,493.716,1503.29,3632.83,4323.09,5000.0,5000.0,2387.22,5000.0,5000.0,5000.0,5000.0,1038.41,5000.0,4203.97,4929.22,5000.0,1117.79,5000.0,5000.0,5000.0,2115.23,1082.58,1301.62,3578.67,5000.0,3582.54,3602.61
LABS_n066_goal005.cnf,cf4d60f607a3f4c69bab5a03e1d9ea10,5000.0,5000.0,5000.0,5000.0,5000.0,5000.0,5000.0,5000.0,5000.0,5000.0,5000.0,5000.0,5000.0,5000.0,5000.0,5000.0,875.602,5000.0,5000.0,5000.0,390.649,5000.0,4418.84,5000.0,5000.0,5000.0,5000.0,5000.0,5000.0,5000.0,5000.0,5000.0,5000.0,5000.0,5000.0
crafted_n12_d6_c3_num19.cnf,ea68126ceb3cb19e33339f793ea4c8f2,5000.0,24.9852,5000.0,3874.3,5000.0,1744.64,5000.0,3284.82,2573.5,2982.1,5000.0,5000.0,5000.0,5000.0,5000.0,5000.0,5000.0,5000.0,5000.0,1879.62,5000.0,5000.0,5000.0,5000.0,1269.04,5000.0,5000.0,5000.0,3942.95,1965.13,3777.73,5000.0,5000.0,5000.0,5000.0
LABS_n070_goal001.cnf,c008dbf5d3fa9228e68dd0f66f1290bc,5000.0,5000.0,5000.0,5000.0,5000.0,5000.0,5000.0,5000.0,3248.53,5000.0,3503.2,3548.15,3543.72,5000.0,5000.0,5000.0,5000.0,5000.0,5000.0,4076.58,3680.93,4961.92,4512.53,4632.33,5000.0,5000.0,5000.0,3887.02,3927.44,3433.28,4124.28,5000.0,5000.0,5000.0,5000.0
crafted_n12_d6_c3_num30.cnf,5d6923b6edb488b2b93955ee3267b2fb,5000.0,30.4094,5000.0,3883.02,5000.0,1613.83,4521.9,5000.0,456.486,2207.23,3150.27,4704.23,5000.0,5000.0,5000.0,5000.0,5000.0,5000.0,5000.0,951.229,5000.0,3970.44,5000.0,5000.0,615.882,1796.58,5000.0,5000.0,3529.59,1407.95,1389.77,5000.0,5000.0,5000.0,5000.0
sgen1-unsat-97-100.cnf,5f0ec9f87ae77ca0eb8468a4ddde217c,5000.0,3122.39,2782.63,1094.6,1299.63,5000.0,2724.26,5000.0,5000.0,5000.0,5000.0,5000.0,5000.0,2461.03,1528.17,5000.0,1082.8,5000.0,5000.0,5000.0,5000.0,5000.0,5000.0,5000.0,5000.0,1269.14,5000.0,721.121,5000.0,5000.0,5000.0,5000.0,3495.71,5000.0,5000.0
crafted_n10_d6_c4_num15.cnf,a3410a93be93397c187ea760f19b1dfe,5000.0,32.782,5000.0,2998.31,5000.0,1299.38,2499.3,2516.16,640.386,1566.79,2057.24,4124.27,5000.0,5000.0,2534.34,5000.0,5000.0,5000.0,5000.0,1084.56,5000.0,3478.46,4616.13,2498.21,518.785,5000.0,5000.0,5000.0,2897.52,1486.13,1202.77,2098.8,5000.0,2106.16,2051.36
LABS_n072_goal001.cnf,ab4c4106fd3241bfe49afd20b837f68b,5000.0,5000.0,5000.0,5000.0,5000.0,5000.0,5000.0,5000.0,4674.34,5000.0,5000.0,4777.28,4852.84,5000.0,5000.0,5000.0,5000.0,5000.0,5000.0,5000.0,4758.14,5000.0,5000.0,5000.0,5000.0,5000.0,5000.0,4630.68,5000.0,4766.45,5000.0,5000.0,5000.0,5000.0,5000.0
phnf-size10-exclusive-all.used-as.sat04-986.sat05-4198.reshuffled-07.cnf,73bcef7c584867538ae0bed90374a7ab,5000.0,5000.0,5000.0,5000.0,5000.0,2064.62,5000.0,5000.0,5000.0,3284.34,5000.0,5000.0,5000.0,5000.0,5000.0,5000.0,5000.0,5000.0,5000.0,5000.0,5000.0,5000.0,5000.0,5000.0,5000.0,5000.0,5000.0,5000.0,5000.0,5000.0,5000.0,5000.0,5000.0,5000.0,5000.0
prime2209-84.cnf,b6cd121b7b446ba5c20477110defc052,496.237,5000.0,5000.0,2.50162,2.75558,1.24381,26.9519,5.84011,3.99639,1.85072,1.13083,1.2988,1.02784,986.413,986.488,37.7363,420.568,5000.0,5000.0,2.75258,1.36479,1.27081,4.12237,19.0861,6.94194,2.47762,464.894,1.3318,1.11983,1.22881,1.69574,402.481,400.84,12.6261,400.442
crafted_n11_d6_c3_num24.cnf,3e2b2248ec53381c911d174f508b14fb,5000.0,19.525,5000.0,2081.36,5000.0,720.309,3276.62,3029.28,605.237,5000.0,2008.6,4572.94,5000.0,5000.0,5000.0,5000.0,5000.0,5000.0,5000.0,594.84,5000.0,4290.75,590.364,1877.92,764.904,5000.0,5000.0,5000.0,2268.42,554.619,762.219,4520.7,5000.0,2788.9,4490.08
crafted_n12_d6_c3_num28.cnf,05f35b298620dd522808ad4f311a10a3,5000.0,24.6752,5000.0,4974.88,5000.0,1005.33,2751.32,2633.17,643.872,3100.71,4015.92,5000.0,5000.0,5000.0,5000.0,5000.0,5000.0,5000.0,5000.0,1431.15,5000.0,3314.6,700.084,2333.7,809.618,3584.28,5000.0,5000.0,3191.67,2670.17,1465.35,5000.0,5000.0,5000.0,5000.0
crafted_n11_d6_c3_num18.cnf,3ca6dd13f03e020fbfeabe12835e33bc,5000.0,18.9561,5000.0,1520.75,5000.0,698.439,2350.48,2731.18,525.493,5000.0,2557.34,2128.78,5000.0,5000.0,5000.0,5000.0,5000.0,5000.0,5000.0,837.414,5000.0,1987.37,2722.93,1301.97,622.396,732.308,5000.0,5000.0,2010.84,764.42,557.203,5000.0,5000.0,2539.91,5000.0
jkkk-random-132906006493326-10-10-35-SUM-sat.cnf,a9e39c393cfbc48ff317efbbfbf763ae,1798.16,5000.0,5000.0,937.869,422.28,2213.89,360.9,66.2349,981.132,5000.0,1718.03,5000.0,357.008,1880.26,1053.68,5000.0,5000.0,5000.0,5000.0,240.299,16.7605,1528.16,1363.73,1396.07,715.015,1101.02,5000.0,5000.0,159.33,1055.26,553.866,4209.92,3125.28,5000.0,5000.0
jkkk-random-132906006204477-10-10-32-OR-unsat.cnf,656c5f6701fd5c6af9383081f2969dba,898.24,5000.0,5000.0,546.966,634.556,734.211,338.119,299.614,393.429,683.344,504.99,504.464,444.519,1473.67,1493.06,2099.79,1028.11,5000.0,5000.0,480.165,873.639,564.358,471.111,464.633,367.041,1009.83,5000.0,826.647,406.4,414.454,507.272,3027.82,2987.09,1012.89,3142.18
jkkk-random-132906006583172-10-10-32-OR-unsat.cnf,22b372722a57ec47ee969a8889d6bd14,1381.3,5000.0,5000.0,1920.28,1028.22,1715.57,843.236,803.166,855.186,1888.86,1788.05,1556.25,1286.91,2283.55,2120.04,2646.08,1544.89,5000.0,5000.0,1186.74,1964.77,1108.2,999.627,1023.25,837.444,3028.99,5000.0,4741.83,927.385,1032.11,1531.7,4293.94,3301.34,3161.38,4086.47
jkkk-random-132906006427000-10-10-36-SUM-sat.cnf,2b9e1748ef3f3ad7a31bfcf442f68d76,738.053,5000.0,5000.0,3275.38,546.753,44.0943,160.566,43.5234,2482.71,504.67,1686.51,268.878,50.3283,1538.28,1027.14,2640.36,544.773,5000.0,5000.0,247.914,1569.12,3500.33,960.965,979.739,63.7253,1352.45,5000.0,200.531,150.307,1417.33,749.367,4198.65,2571.88,2982.49,3923.47
jkkk-random-132906006427000-10-10-35-OR-sat.cnf,6599556ac0b726108c5abbbe3709b7ca,1183.34,5000.0,5000.0,3214.26,4780.84,2983.33,1320.36,1040.29,5000.0,504.157,228.827,3446.55,1185.48,3144.41,1631.72,1016.13,607.442,5000.0,5000.0,5000.0,5000.0,1241.35,236.344,236.138,1532.04,609.192,5000.0,1857.28,25.1532,327.47,3514.93,2729.65,5000.0,4897.81,5000.0
connm-ue-csp-sat-n800-d0.04-s1788334438.sat05-543.reshuffled-07.cnf,eb542a3ed65e86298dd7b9339a890090,5000.0,5000.0,5000.0,5000.0,4988.91,5000.0,5000.0,5000.0,5000.0,5000.0,5000.0,5000.0,5000.0,5000.0,5000.0,5000.0,4521.94,5000.0,5000.0,5000.0,5000.0,5000.0,5000.0,5000.0,5000.0,5000.0,5000.0,5000.0,5000.0,5000.0,5000.0,5000.0,5000.0,5000.0,5000.0
rbsat-v945c61409g5.cnf,f2bed43e44a00be22e2fb04813e8bc66,22.4276,748.013,2395.96,233.028,20.6919,5000.0,60.5528,60.2678,3044.6,628.531,667.901,977.718,989.699,9.58854,9.55555,3755.54,302.319,77.6762,56.8694,2155.71,1270.43,2401.86,1284.45,1269.36,2396.61,2039.9,1.9817,1432.53,579.138,807.228,657.257,2.84457,2.81657,8.84865,2.82457
rbsat-v760c43649g6.cnf,6cb945243724c14ac387103e1ab6cde5,5.67114,2444.97,357.203,99.9188,10.4004,3346.86,1396.9,1384.83,616.498,249.01,203.557,1686.48,868.546,38.3142,38.0962,347.476,235.774,35.9585,199.801,890.776,414.884,998.235,16.8154,16.7654,5000.0,2494.18,1.2818,1424.97,596.854,327.998,37.9502,1.00285,1.00685,14.6988,1.00585
crafted_n10_d6_c4_num10.cnf,aade4de98661142d736d06a289316dec,5000.0,34.0368,5000.0,2334.6,5000.0,591.694,3431.39,3432.51,494.539,1540.69,2000.1,3739.02,5000.0,5000.0,1986.69,5000.0,5000.0,5000.0,5000.0,1210.69,5000.0,4406.16,2540.76,2618.95,878.624,5000.0,5000.0,5000.0,3257.38,2217.6,946.962,1995.86,5000.0,2014.62,1970.43
crafted_n10_d6_c4_num21.cnf,708c06e8f8bcf11c2272c39f16493da9,5000.0,32.2791,5000.0,2518.14,5000.0,1082.49,3708.01,3749.24,533.801,812.229,2266.31,4431.34,5000.0,5000.0,2652.62,5000.0,5000.0,5000.0,5000.0,1117.8,5000.0,3559.58,2981.16,2155.66,4305.59,5000.0,5000.0,5000.0,2910.77,1074.49,957.817,2259.27,5000.0,2248.36,2257.72
crafted_n10_d6_c3_num10.cnf,e9cd1bc47d20bbd85b9ae09bd90bd737,5000.0,17.1194,5000.0,2015.46,5000.0,526.827,1168.69,1128.62,418.259,438.118,1722.24,2032.58,4333.09,5000.0,2592.28,5000.0,5000.0,5000.0,5000.0,846.208,5000.0,2007.49,622.053,1290.4,547.395,5000.0,5000.0,5000.0,1496.61,530.273,986.301,4272.18,5000.0,3679.59,4222.6
rbsat-v945c61409gyes9.cnf,5b3cb365e0da247dad8c75295d40c6a5,27.1339,5000.0,3682.78,380.718,79.222,5000.0,364.184,362.073,991.161,521.723,980.618,453.974,1012.23,111.792,111.792,4327.3,163.32,157.058,308.604,1330.42,997.654,76.1284,92.193,91.802,5000.0,236.236,4.68929,495.268,435.949,1607.88,1322.2,5.07723,5.08423,63.6523,5.15521
sgp_6-6-10.sat05-2670.reshuffled-07.cnf,080b0eee741469a320509f7827afc538,5000.0,5000.0,5000.0,5000.0,5000.0,5000.0,5000.0,5000.0,5000.0,5000.0,5000.0,5000.0,5000.0,5000.0,5000.0,5000.0,5000.0,5000.0,5000.0,5000.0,5000.0,5000.0,5000.0,5000.0,5000.0,5000.0,5000.0,35.9035,5000.0,5000.0,5000.0,5000.0,5000.0,5000.0,5000.0
mod2c-rand3bip-sat-240-3.shuffled-as.sat05-2520.cnf,dfc7796289f8cacbd4db5eb947a1ba09,474.042,5000.0,5000.0,4044.45,4575.49,5000.0,5000.0,5000.0,5000.0,1176.66,5000.0,1177.94,4576.53,2308.97,4078.86,5000.0,2642.07,5000.0,5000.0,1694.33,2758.85,1733.18,5000.0,310.656,5000.0,867.635,5000.0,1019.1,505.39,5000.0,2015.0,5000.0,5000.0,1327.44,5000.0
mod2c-rand3bip-sat-250-3.shuffled-as.sat05-2535.cnf,22bc1843113c53c5f8a8f8cec42dcbe5,5000.0,5000.0,5000.0,3454.52,3901.73,5000.0,5000.0,5000.0,5000.0,810.773,5000.0,650.598,792.556,5000.0,3541.74,4862.74,4612.71,5000.0,5000.0,4508.29,2357.12,5000.0,5000.0,3098.15,5000.0,2052.72,5000.0,4712.49,2565.92,286.372,5000.0,5000.0,5000.0,5000.0,5000.0
LABS_n060_goal005.cnf,1fea569c5594061a7c4e06a893c5ec0d,3012.67,5000.0,5000.0,542.462,677.738,1686.25,5000.0,158.481,514.625,5000.0,1273.76,522.129,5000.0,1420.23,2938.56,301.87,1948.31,5000.0,5000.0,5000.0,1382.33,1635.31,753.995,4508.04,173.213,3093.01,5000.0,5000.0,368.659,3924.11,1019.49,3846.68,4205.69,4626.59,2649.78
crafted_n12_d6_c3_num22.cnf,e36d3d231d460c7b6c4ecd1be1d68c83,5000.0,24.6942,5000.0,4603.1,5000.0,918.681,4584.27,3002.72,569.594,791.169,2507.64,5000.0,5000.0,5000.0,5000.0,5000.0,5000.0,5000.0,5000.0,900.204,5000.0,3428.91,5000.0,4653.24,999.068,1883.22,5000.0,5000.0,4425.65,1259.09,1704.62,4979.41,5000.0,5000.0,4983.98
toughsat_factoring_426s.cnf,a985abf689bf63bb9b3a327d335ab7e3,976.184,5000.0,1886.17,374.43,863.665,595.442,7.04193,1052.75,1686.57,402.27,280.672,269.248,509.518,2420.1,1377.28,1850.98,466.857,5000.0,5000.0,736.899,662.292,131.736,985.382,1005.69,23.3984,120.661,5000.0,292.196,240.322,1728.44,550.764,2779.58,3319.69,2948.94,2566.48
toughsat_factoring_958s.cnf,94165ea1dd4efa91efa16f14470dd878,577.664,5000.0,481.347,296.425,387.856,460.895,226.471,408.394,108.947,48.0237,633.446,1024.3,912.396,1178.21,1362.34,675.153,561.898,5000.0,5000.0,737.183,1253.4,192.517,156.554,156.344,46.8649,211.092,5000.0,84.6131,384.712,242.075,1108.51,3145.9,2865.85,2349.67,2747.35
toughsat_factoring_428s.cnf,713d583846c63b962ad768279ec4a87f,289.436,566.527,192.604,46.349,201.33,205.176,148.716,191.912,158.897,79.3609,262.262,138.11,209.589,1376.33,1004.99,88.6645,417.4,5000.0,5000.0,13.7189,81.1007,676.203,67.9687,68.1176,188.14,85.0921,5000.0,65.829,26.442,0.802877,25.7981,2761.04,2687.49,428.328,3000.65
toughsat_factoring_inf.cnf,5503cee318a00e66dec5520be83bc536,5000.0,5000.0,5000.0,5000.0,5000.0,5000.0,5000.0,5000.0,5000.0,5000.0,5000.0,5000.0,5000.0,5000.0,5000.0,5000.0,5000.0,5000.0,5000.0,5000.0,5000.0,5000.0,5000.0,5000.0,5000.0,5000.0,5000.0,5000.0,5000.0,5000.0,5000.0,5000.0,5000.0,5000.0,5000.0
crafted_n10_d6_c4_num16.cnf,23f1186aa7a19d74a53aa63a32fdf8c4,5000.0,32.1471,5000.0,2312.44,5000.0,1055.11,1949.37,1941.11,431.677,1620.82,3625.16,3551.91,5000.0,5000.0,2857.87,5000.0,5000.0,5000.0,5000.0,1310.32,5000.0,3476.95,4581.59,2597.34,651.679,5000.0,5000.0,5000.0,2722.47,1272.23,1104.21,3563.7,5000.0,3509.82,3502.66
connm-ue-csp-sat-n800-d0.04-s1788334438.used-as.sat04-976.cnf,41d80cc808c021a52e21ee9950bc91e0,5000.0,5000.0,5000.0,4843.51,4606.56,5000.0,5000.0,5000.0,5000.0,5000.0,5000.0,5000.0,5000.0,5000.0,4973.28,5000.0,4260.46,5000.0,5000.0,5000.0,5000.0,5000.0,5000.0,5000.0,5000.0,5000.0,5000.0,5000.0,5000.0,5000.0,5000.0,5000.0,5000.0,5000.0,5000.0
toughsat_factoring_895s.cnf,b2028131a89950dc9fe9928b873a1507,465.257,1749.82,578.774,398.623,27.6948,4466.64,658.985,1412.32,29.5225,21.4817,19.896,3312.37,256.875,1182.06,3270.67,2404.16,1583.96,5000.0,5000.0,2008.32,914.881,104.447,460.672,455.898,425.137,807.116,5000.0,800.638,266.955,1068.11,4608.45,2519.51,2520.88,5000.0,2579.5
toughsat_factoring_1238s.cnf,436b183373ca7a49023bf095b563e9b4,496.311,3125.33,35.0567,447.901,317.196,1383.99,105.117,234.512,233.849,12.0882,481.984,615.807,92.4509,1030.98,1242.9,161.043,520.252,5000.0,5000.0,161.625,523.719,42.6245,751.676,746.89,69.3235,240.932,5000.0,185.379,578.803,7.39487,12.8181,2989.36,2799.16,564.716,2532.7
crafted_n12_d6_c4_num17.cnf,df0ff66cca37772d2fcf9388491d7255,5000.0,64.3662,5000.0,5000.0,5000.0,1405.86,3334.65,3373.21,636.12,512.875,4303.8,5000.0,5000.0,5000.0,5000.0,5000.0,5000.0,5000.0,5000.0,1479.74,5000.0,5000.0,1355.7,5000.0,547.423,5000.0,5000.0,5000.0,5000.0,1944.19,1532.96,4447.97,5000.0,4315.92,4275.97
LABS_n064_goal005.cnf,07316ba906a5b562064fd56cb92dde75,5000.0,5000.0,5000.0,2211.66,5000.0,5000.0,5000.0,5000.0,5000.0,5000.0,5000.0,2957.61,4275.01,5000.0,5000.0,5000.0,5000.0,5000.0,5000.0,5000.0,1821.29,5000.0,3477.51,5000.0,5000.0,744.254,5000.0,2565.15,703.417,3253.99,5000.0,5000.0,5000.0,5000.0,5000.0
jkkk-random-132906006632161-10-10-33-OR-sat.cnf,30a1e9249589dd63ae3a8ae03212749f,5000.0,5000.0,5000.0,5000.0,3342.5,5000.0,5000.0,5000.0,5000.0,5000.0,5000.0,5000.0,5000.0,5000.0,3116.0,5000.0,5000.0,5000.0,5000.0,2385.31,1709.17,5000.0,5000.0,5000.0,3570.02,5000.0,5000.0,2043.48,1153.34,5000.0,442.242,5000.0,5000.0,5000.0,5000.0
sgen4-sat-220-8.cnf,ed12f7c7cea55fa7d3dae503855f6902,37.1414,1575.95,5000.0,5000.0,11.5782,5000.0,5000.0,5000.0,5000.0,5000.0,2844.32,5000.0,5000.0,9.03962,8.5747,5000.0,422.193,5000.0,577.879,5000.0,4552.06,5000.0,5000.0,5000.0,5000.0,5000.0,10.5914,5000.0,5000.0,5000.0,5000.0,27.4208,27.3768,62.4385,27.0069
rbsat-v760c43649gyes4.cnf,b11db9969a1dd3e5093b78c3e4d42d0c,4.15737,5000.0,5000.0,484.888,12.7591,3433.51,2611.07,2555.38,4053.38,42.0496,5000.0,5000.0,3474.34,9.00863,8.95764,5000.0,449.728,31.3872,17.5133,5000.0,3429.56,5000.0,3533.26,3547.45,5000.0,89.4734,0.474926,5000.0,5000.0,5000.0,5000.0,0.18697,0.184971,0.229964,0.183971
sgp_5-5-6.sat05-2675.reshuffled-07.cnf,531549e214a293ad3adf6ddff17eb882,5000.0,5000.0,5000.0,5000.0,5000.0,5000.0,5000.0,5000.0,5000.0,5000.0,5000.0,5000.0,5000.0,5000.0,3094.45,5000.0,5000.0,5000.0,5000.0,2155.69,5000.0,412.427,5000.0,5000.0,5000.0,5000.0,5000.0,5000.0,5000.0,5000.0,5000.0,5000.0,5000.0,1450.85,5000.0
LABS_n041_goal003.cnf,ae07bf28d99a96bdbf7ac34cf8e8eed4,5000.0,5000.0,5000.0,378.376,5000.0,5000.0,2654.49,469.978,3757.44,5000.0,5000.0,921.175,575.62,1404.61,5000.0,5000.0,4062.08,5000.0,5000.0,430.261,1681.29,5000.0,3330.46,437.517,3009.65,558.4,5000.0,4047.26,512.207,5000.0,421.603,5000.0,5000.0,5000.0,5000.0
QG7-dead-dnd001.sat05-3419.reshuffled-07.cnf,26eb408aec254c812108c852e426e72f,1962.29,5000.0,5000.0,235.522,214.93,5000.0,464.337,1080.43,2842.4,1136.15,1322.83,2846.89,5000.0,1224.87,1326.51,1304.94,608.161,5000.0,5000.0,2119.84,2220.45,1472.26,1656.55,1780.93,5000.0,3542.31,5000.0,415.549,1266.49,1950.25,1818.23,3827.18,2692.71,5000.0,3456.01
QG7-dead-dnd005.sat05-3111.reshuffled-07.cnf,7f866db903b373b6b7f75057c2353f02,1352.28,2841.3,5000.0,228.107,211.223,2767.38,738.306,437.688,4057.77,510.722,1211.64,606.826,2600.36,1227.26,1185.48,581.084,665.251,5000.0,5000.0,968.432,1237.11,1111.34,749.656,655.045,5000.0,4286.1,5000.0,176.402,701.207,630.474,1327.62,3690.11,2652.44,3896.5,3784.78
QG7a-gensys-icl009.sat05-3830.reshuffled-07.cnf,63733d54eda8872a9d86a78f0ba7397d,3026.64,5000.0,5000.0,1147.12,1143.24,5000.0,5000.0,3847.78,4985.41,849.45,5000.0,5000.0,2127.61,2027.55,3099.39,5000.0,1373.86,5000.0,5000.0,1212.94,5000.0,1945.32,2111.48,2144.3,5000.0,2741.01,5000.0,1497.65,1070.95,1561.7,935.864,5000.0,3605.77,5000.0,5000.0
crafted_n10_d6_c3_num3.cnf,359774514c4c1f341601e095cbec3d50,5000.0,22.0307,5000.0,1784.48,5000.0,866.13,3179.06,3030.21,952.098,3502.19,2920.87,4654.45,5000.0,5000.0,4030.47,5000.0,5000.0,5000.0,5000.0,2088.12,5000.0,5000.0,607.865,2001.34,734.966,1089.72,5000.0,5000.0,5000.0,939.409,1158.69,5000.0,5000.0,5000.0,5000.0
QG7-dead-dnd002.sat05-3108.reshuffled-07.cnf,1f41f91cdd25b8e3813b8e50b5819b08,1670.28,5000.0,5000.0,481.77,422.955,5000.0,696.815,907.093,2331.49,1276.38,810.626,3563.5,5000.0,1437.96,1391.19,3484.41,890.407,5000.0,5000.0,1583.93,1552.97,1183.17,952.504,1022.34,5000.0,5000.0,5000.0,802.547,1301.28,2195.65,956.567,3309.79,2893.03,2029.71,3150.35
phnf-size10-exclusive-luckySeven.used-as.sat04-990.sat05-4196.reshuffled-07.cnf,bf3618cdbef11db03f2026bf209783fc,4534.37,5000.0,5000.0,58.5321,5000.0,77.5432,60.8327,48.6586,224.303,109.445,93.3418,104.208,58.4971,2428.58,5000.0,1938.08,1370.41,5000.0,5000.0,109.86,374.408,74.7846,74.8206,64.2032,175.555,164.056,5000.0,639.472,68.2386,85.475,70.1653,2595.47,5000.0,140.114,2550.15
sgen4-sat-200-8.cnf,7ffeee7c969b39d93464016f7c7cc7f0,11.6732,781.354,3724.26,5000.0,7.2069,5000.0,5000.0,5000.0,5000.0,5000.0,5000.0,5000.0,5000.0,1.56676,1.50377,5000.0,436.693,782.572,303.154,5000.0,970.592,5000.0,5000.0,5000.0,5000.0,833.027,4.71528,3099.82,5000.0,5000.0,5000.0,2.79257,2.80857,22.9195,2.80757
eulcbip-8-UNSAT.sat05-3937.reshuffled-07.cnf,cc16a72221b8e1efdfd6127b2f238bcd,5000.0,5000.0,5000.0,5000.0,5000.0,5000.0,5000.0,5000.0,5000.0,5000.0,5000.0,5000.0,5000.0,5000.0,5000.0,5000.0,5000.0,5000.0,5000.0,5000.0,5000.0,5000.0,5000.0,5000.0,5000.0,5000.0,5000.0,5000.0,5000.0,5000.0,5000.0,5000.0,5000.0,5000.0,5000.0
em_7_4_9_exp.cnf,4b407f7d85e83c60fceae64b7f0e6e1f,605.109,5000.0,5000.0,9.54355,21.7967,1.72474,12.2171,12.1761,7.8768,0.297954,1.17482,3.45047,2.18367,987.218,982.778,8.31474,429.074,5000.0,5000.0,2.15567,16.0886,0.664898,14.8327,4.80627,14.6408,11.9202,165.732,37.9452,3.9674,4.26535,2.25766,290.893,290.595,35.1896,290.901
connm-ue-csp-sat-n800-d-0.02-s1542454144.sat05-533.reshuffled-07.cnf,d59b4e28276b4b99e12e66d1c286ecef,5000.0,5000.0,5000.0,1873.16,1631.69,5000.0,5000.0,5000.0,5000.0,2959.14,3434.76,5000.0,5000.0,5000.0,5000.0,5000.0,3426.81,5000.0,5000.0,5000.0,687.472,5000.0,5000.0,5000.0,5000.0,5000.0,5000.0,4095.66,5000.0,5000.0,60.3188,5000.0,3999.07,5000.0,5000.0
connm-ue-csp-sat-n800-d0.02-s925928766.sat05-538.reshuffled-07.cnf,c2cb7643bd8a1926480278b8bba0ef3d,1776.79,476.475,2658.4,849.792,567.88,5000.0,2808.42,969.768,1308.28,967.11,1362.74,2168.81,2073.34,1505.08,1402.08,1725.63,917.881,5000.0,5000.0,2195.62,1590.8,961.417,1922.35,1964.17,2502.36,609.73,5000.0,448.55,802.416,4381.3,1465.89,3863.23,2981.48,1733.98,3300.81
crafted_n12_d6_c3_num17.cnf,5e76f77d76292c44777371bad0191630,5000.0,25.1492,5000.0,5000.0,5000.0,1058.69,3732.73,3518.24,577.92,569.946,1989.41,2020.81,5000.0,5000.0,5000.0,5000.0,5000.0,5000.0,5000.0,1242.47,5000.0,2282.97,520.013,3100.77,673.216,2844.3,5000.0,5000.0,2152.71,1104.25,912.099,4519.72,5000.0,3935.45,4459.36
crafted_n12_d5_c4_num27.cnf,dd4c3577ec365997ab30f133547f34d7,4187.5,1114.6,5000.0,251.899,107.102,98.564,209.369,214.69,72.7489,28.3687,728.827,486.668,815.132,1149.08,1126.57,1239.41,273.351,5000.0,5000.0,116.497,1527.27,178.134,277.325,400.067,177.159,43.4184,5000.0,931.736,154.294,194.03,148.76,3212.06,2617.56,597.035,2801.85
urq55.cnf,0cb2e2c7755a75aea015704bd78d7b12,5000.0,5000.0,0.004998,5000.0,5000.0,5000.0,5000.0,5000.0,5000.0,1.62075,5000.0,5000.0,5000.0,5000.0,5000.0,5000.0,5000.0,5000.0,5000.0,5000.0,5000.0,5000.0,203.31,5000.0,5000.0,0.546916,5000.0,5000.0,5000.0,5000.0,5000.0,5000.0,5000.0,5000.0,5000.0
hid-uns-enc-6-1-0-0-0-0-10605.cnf,2816f3702b57ce7ff17aa2c1587a04d4,1153.56,5000.0,5000.0,946.957,1127.6,1285.09,1088.46,996.913,1420.55,1601.84,1027.35,1161.82,921.784,2041.0,2188.08,5000.0,1297.85,5000.0,5000.0,804.1,3339.19,1130.69,1008.9,1002.74,3684.3,5000.0,5000.0,3205.45,724.05,778.997,775.459,3550.95,3568.93,2062.25,3447.01
ndist.b.27984.cnf,54cd87c214b35a3b04123a5a84c38128,53.1159,696.988,5000.0,11.2373,883.102,3.50347,1374.47,992.199,23.4234,720.916,5000.0,5000.0,3.2865,745.704,726.606,5000.0,802.872,54.3317,64.4012,9.76052,5000.0,4.33334,13.122,14.4918,10.2434,10.8483,735.278,3.15552,3.41048,3.51247,3.17852,695.855,781.7,788.769,716.467
gt-ordering-unsat-gt-035.sat05-1308.reshuffled-07.cnf,b48823728f2aa04622fbc4c81dd39148,3912.8,5000.0,5000.0,5000.0,5000.0,8.40072,1742.95,1698.33,326.818,16.3675,374.431,1860.32,1.47878,5000.0,5000.0,75.2616,5000.0,5000.0,5000.0,2308.89,5000.0,1861.06,2094.41,2015.15,0.404937,0.246961,5000.0,5000.0,1491.05,114.11,2305.64,2873.22,5000.0,2010.16,4740.02
hid-uns-enc-6-1-0-0-0-0-22883.cnf,9a4c04f5bd85b727dadf83ba4c7ae3b7,1022.21,5000.0,5000.0,3768.28,2584.35,1485.76,550.497,1028.4,1057.16,1422.42,710.77,1230.24,1005.06,2776.0,4879.19,5000.0,3054.55,5000.0,5000.0,774.762,2901.91,1272.9,778.405,772.884,5000.0,5000.0,5000.0,4676.25,477.665,693.236,599.789,3229.27,4940.95,1385.44,3349.38
mrpp_4x4#10_16.cnf,16465ab2c80c6df120c4250142a04f63,376.748,5000.0,5000.0,1.62575,1042.4,3.2675,12.7191,2.29365,0.97685,5.44117,1.07383,3.52646,4.18236,2804.73,997.833,6.06508,726.607,5000.0,5000.0,0.744886,4.30735,1.84772,2.01569,1.78273,4.72228,4.78027,5000.0,60.8148,2.10768,3.18451,0.727888,2501.09,3488.06,2.41763,2501.83
LABS_n081_goal007.cnf,70e9790e713c73816ad110b04f02c930,5000.0,5000.0,5000.0,5000.0,5000.0,5000,5000.0,5000.0,5000.0,4339.72,3518.78,770.82,1533.83,5000.0,2203.49,5000.0,4787.09,5000.0,5000.0,5000.0,5000.0,5000.0,5000.0,2353.23,2493.3,5000.0,5000.0,735.764,123.347,5000.0,5000.0,5000.0,5000.0,4232.7,5000.0
hid-uns-enc-6-1-0-0-0-0-6441.cnf,596a49626d25c8cd95facb7f25a8fb2f,1004.68,5000.0,5000.0,644.892,5000.0,805.747,1948.32,1432.42,1792.12,1778.34,576.434,1384.75,1395.91,3151.91,5000.0,5000.0,4254.53,5000.0,5000.0,470.201,3682.51,782.205,525.712,535.026,4199.6,5000.0,5000.0,5000.0,377.52,727.993,631.893,3073.87,5000.0,2230.48,3843.89
sat-grid-pbl-0200.sat05-1339.reshuffled-07.cnf,0b356767f83a803ddf362cecd03688e1,3.42648,5000.0,5000.0,7.61084,3.03254,0.237963,8.85565,8.46071,22.7875,3.9524,490.463,476.59,0.217966,984.47,984.333,31.8462,15.6646,5000.0,9.64553,0.634903,519.882,0.245962,384.644,2.86756,0.85187,0.487925,1.25081,0.249961,0.226964,0.229964,0.280957,1.12783,1.12283,4.50131,1.12683
hid-uns-enc-6-1-0-0-0-0-8285.cnf,49649741694208bf9ff9194e9507793c,815.749,5000.0,5000.0,563.83,1124.03,899.764,761.243,455.764,899.712,1660.75,497.269,600.23,890.893,1832.65,2033.99,5000.0,1312.08,5000.0,5000.0,592.985,1696.41,1049.45,492.014,489.673,1638.03,5000.0,5000.0,1022.38,467.034,757.42,570.902,3007.29,3563.04,1493.46,3173.39
LABS_n087_goal008.cnf,f609c3de3a6e0b577f3ed9f71342dc24,5000.0,5000.0,5000.0,5000.0,5000.0,5000,5000.0,5000.0,1452.01,2106.02,566.307,325.335,5000.0,3532.94,1296.71,5000.0,2726.54,5000.0,5000.0,1755.12,461.113,4491.78,72.244,5000.0,5000.0,3832.74,5000.0,1784.99,813.026,5000.0,5000.0,3048.54,4689.81,5000.0,3113.97
rnd-v25-e32-k4.cnf,dcc30f1943bec29d2d72b997a724a101,962.202,5000.0,5000.0,208.657,3462.95,316.171,165.239,195.026,547.361,1242.89,448.75,454.857,279.246,4781.7,5000.0,2184.07,5000.0,5000.0,5000.0,150.551,1525.71,218.523,423.813,227.667,2372.12,1049.45,5000.0,1886.04,175.42,222.995,214.39,2983.67,5000.0,339.801,2648.47
crafted_n11_d6_c4_num4.cnf,87ba9995546defd17be8c6247ba0c8d5,5000.0,39.461,5000.0,5000.0,5000.0,956.419,3120.87,3113.21,1005.77,5000.0,4440.49,5000.0,5000.0,5000.0,5000.0,5000.0,5000.0,5000.0,5000.0,1204.41,5000.0,5000.0,5000.0,3066.94,787.751,1765.69,5000.0,5000.0,3893.7,1458.62,1490.75,4382.72,5000.0,4488.34,4331.97
LABS_n082_goal007.cnf,cb97dd203491e920286856fec7485475,3408.59,5000.0,5000.0,5000.0,5000.0,5000,5000.0,5000.0,5000.0,5000.0,5000.0,5000.0,5000.0,4506.03,5000.0,5000.0,5000.0,5000.0,5000.0,5000.0,5000.0,5000.0,1710.55,5000.0,5000.0,5000.0,5000.0,5000.0,5000.0,5000.0,5000.0,5000.0,5000.0,5000.0,5000.0
crafted_n11_d6_c4_num2.cnf,8218e88691ad442046cb2e0471a8e2b7,5000.0,39.0001,5000.0,4543.96,5000.0,2014.79,5000.0,5000.0,1179.59,555.311,5000.0,5000.0,5000.0,5000.0,5000.0,5000.0,5000.0,5000.0,5000.0,3264.42,5000.0,5000.0,918.563,5000.0,698.235,4787.58,5000.0,5000.0,5000.0,1570.26,3366.95,5000.0,5000.0,5000.0,5000.0
pmg-11-UNSAT.sat05-3939.reshuffled-07.cnf,ab810788a5ff5edde690e75706c8dd18,3527.49,461.595,391.758,161.677,296.512,5000.0,3359.24,5000.0,0.008998,4056.62,5000.0,5000.0,5000.0,1174.63,1112.05,5000.0,556.712,5000.0,5000.0,3559.73,4096.06,4420.97,2602.54,2494.02,3360.06,722.529,5000.0,156.896,3330.21,5000.0,4091.75,5000.0,2632.53,5000.0,5000.0
mutcb16.cnf,bd77a80ed031274a49c614a493f71a1c,1187.6,5000.0,5000.0,5000.0,5000.0,5000.0,4105.85,2663.18,3832.13,4616.86,1065.18,5000.0,1514.04,5000.0,5000.0,2290.97,5000.0,5000.0,5000.0,4242.21,5000.0,1956.22,2670.48,3920.01,3303.39,871.82,5000.0,5000.0,1108.13,3187.26,4687.46,3543.12,5000.0,874.436,3882.54
battleship-14-14-unsat.cnf,78a2cc7b74fc3d9947709f16156cc565,5000.0,1245.56,2716.63,5000.0,5000.0,5000.0,5000.0,5000.0,5000.0,5000.0,5000.0,5000.0,5000.0,5000.0,5000.0,5000.0,5000.0,5000.0,5000.0,5000.0,5000.0,5000.0,5000.0,5000.0,5000.0,5000.0,5000.0,5000.0,5000.0,5000.0,5000.0,5000.0,5000.0,5000.0,5000.0
hid-uns-enc-6-1-0-0-0-0-27601.cnf,4b28001fb63c4221aa57ccbbfa93068f,744.024,5000.0,5000.0,1399.4,1133.51,730.935,615.494,635.122,863.485,1656.93,460.842,998.254,842.296,1492.38,2257.34,5000.0,1185.23,5000.0,5000.0,728.875,2774.31,867.132,286.536,287.152,2408.2,5000.0,5000.0,2630.08,384.179,446.043,275.973,2975.59,3575.17,711.588,2969.24
hid-uns-enc-6-1-0-0-0-0-2707.cnf,dc4bc5da0ee29f7179560a6d0869bd7d,481.379,5000.0,5000.0,183.154,673.923,329.878,314.436,207.74,289.137,463.901,266.975,226.431,240.464,1505.99,1963.37,4434.85,1113.23,5000.0,5000.0,189.503,817.592,218.26,123.251,123.478,511.963,1518.05,5000.0,966.832,150.481,199.865,158.66,2765.58,3136.33,469.023,2702.17
rbsat-v1150c84314gyes7.cnf,81fa455cf06232838fbe7ada80e43735,6.86196,5000.0,5000.0,5000.0,3.98239,5000.0,5000.0,5000.0,5000.0,5000.0,5000.0,5000.0,5000.0,115.802,116.036,5000.0,490.943,254.987,3202.62,5000.0,5000.0,5000.0,5000.0,5000.0,5000.0,5000.0,12.7231,5000.0,5000.0,5000.0,5000.0,2.95955,2.97355,81.0247,2.99954
mod2-rand3bip-sat-270-2.sat05-2249.reshuffled-07.cnf,82718e0ff54407c78c5fcacb97224b1c,5000.0,5000.0,0.020996,4218.98,4687.42,5000.0,5000.0,5000.0,0.011997,902.126,5000.0,5000.0,5000.0,5000.0,5000.0,5000.0,1200.21,5000.0,5000.0,5000.0,5000.0,5000.0,5000.0,5000.0,1194.93,1.51277,5000.0,5000.0,5000.0,5000.0,5000.0,5000.0,5000.0,5000.0,5000.0
VanDerWaerden_2-3-14_186.cnf,642fce7e30a701c3223fa5771c2e57dc,5000.0,2009.17,1513.19,2852.36,3177.37,5000.0,5000.0,5000.0,5000.0,5000.0,5000.0,5000.0,5000.0,4312.25,3814.15,5000.0,2790.32,5000.0,5000.0,5000.0,5000.0,5000.0,5000.0,5000.0,5000.0,5000.0,5000.0,2330.0,5000.0,5000.0,5000.0,5000.0,5000.0,5000.0,5000.0
hid-uns-enc-6-1-0-0-0-0-18123.cnf,d29612c981cd73b093bad52040be4f5e,525.164,5000.0,5000.0,284.807,430.166,526.79,328.683,258.059,317.721,312.637,177.738,322.615,420.56,1219.13,1381.29,5000.0,781.079,5000.0,5000.0,209.053,1607.88,405.938,252.622,253.353,444.76,1299.02,5000.0,1021.16,245.04,311.237,213.15,2679.74,2906.19,493.545,2761.27
ph12.cnf,9b84f4b1b8961fdd043892ce36bb0321,5000.0,3329.62,3127.15,2474.7,2715.78,5000.0,2499.5,5000.0,5000.0,235.694,5000.0,5000.0,5000.0,5000.0,3545.91,5000.0,2502.35,5000.0,5000.0,2880.71,5000.0,5000.0,5000.0,226.695,5000.0,0.001999,5000.0,5000.0,5000.0,5000.0,5000.0,5000.0,4680.5,5000.0,5000.0
shift1add.17976.cnf,019ecf80de7152458ba8343acf5ee631,1775.91,15.7036,1267.89,335.024,808.71,11.6282,893.603,136.345,2.07868,2.02069,5000.0,5000.0,15.9646,0.999847,0.976851,5000.0,5000.0,5000.0,5000.0,5000.0,5000.0,19.84,14.3698,17.1214,7.16091,2.07368,0.928858,60.5958,16.1385,8.80966,5000.0,0.927858,0.91686,0.931858,0.920859
McGee-k7.cnf,2d52756f401ffa9a99fdf3bc57376c2e,5000.0,5000.0,5000.0,5000.0,5000.0,5000.0,5000.0,5000.0,5000.0,5000.0,5000.0,5000.0,5000.0,5000.0,5000.0,5000.0,5000.0,5000.0,5000.0,5000.0,5000.0,5000.0,5000.0,5000.0,5000.0,5000.0,5000.0,5000.0,5000.0,5000.0,5000.0,5000.0,5000.0,5000.0,5000.0
shift1add.12991.cnf,1068f7955b589d74b148ab17b45ebfad,141.493,6.05608,576.51,183.121,565.306,5000,496.244,73.8758,1.66275,1.60575,2222.29,3380.52,12.0742,0.729888,0.719889,2655.57,3259.75,5000.0,5000.0,72.344,5000.0,18.1272,16.4645,12.2631,5.50216,1.44778,0.6529,33.037,15.5856,4.75928,77.0533,0.6499,0.666898,0.665898,0.681895
shift1add.23958.cnf,f348dedfe8dccf87d7c896692b85e236,2442.85,37.5793,2266.32,576.325,1295.01,5000,1515.94,211.725,2.92155,2.65459,5000.0,5000.0,14.5118,1.3168,1.25581,5000.0,3022.76,5000.0,5000.0,1337.5,5000.0,50.5873,26.119,26.57,10.2704,2.88956,1.23481,141.565,21.3957,12.1042,663.889,1.24181,1.25281,1.25781,1.25681
shift1add.26949.cnf,20b09c59e3ee23be4238ae1f43272878,1148.43,52.463,2775.11,843.672,2962.44,51.5852,1980.95,297.644,3.2705,2.93055,5000.0,5000.0,44.2773,1.52177,1.43078,5000.0,3603.48,5000.0,5000.0,481.37,5000.0,91.5131,43.5994,73.7968,18.0153,3.2565,1.42578,34.9367,64.0713,14.7058,462.074,1.41878,1.38379,1.39079,1.36679
gt-ordering-unsat-gt-060.sat05-1312.reshuffled-07.cnf,dff294238660aead84de7aec33e643fc,5000.0,5000.0,5000.0,5000.0,5000.0,27.2369,5000.0,5000.0,5000.0,223.146,2480.74,5000.0,50.1144,5000.0,5000.0,890.798,5000.0,5000.0,5000.0,5000.0,5000.0,4918.32,4674.0,5000.0,2.00169,2.50662,5000.0,5000.0,5000.0,5000.0,5000.0,4961.91,5000.0,5000.0,5000.0
shift1add.16979.cnf,1425910cdb79f409e844b70623c4f129,1865.84,13.311,1013.32,319.568,1130.72,11.2353,810.798,107.285,2.06869,1.91471,5000.0,5000.0,8.68468,0.944855,0.939856,3680.61,2714.72,5000.0,5000.0,575.334,5000.0,34.0108,27.2579,27.4328,8.60869,1.86871,0.866867,16.6725,9.66453,8.35673,451.438,0.882865,0.877866,0.895863,0.879865
hid-uns-enc-6-1-0-0-0-0-14492.cnf,0600f5e7fb7680500d27e29a7d20df04,656.089,5000.0,5000.0,335.825,1346.94,901.489,578.177,405.037,690.201,1269.39,508.392,681.134,610.952,1896.49,3021.77,5000.0,1293.38,5000.0,5000.0,542.929,1847.0,563.574,355.171,348.314,1219.37,4098.55,5000.0,1215.22,320.479,491.769,516.12,2990.11,3779.1,977.145,3427.83
hid-uns-enc-6-1-0-0-0-0-28527.cnf,b6194bb2982bd9def5429e1ffa96ce63,556.847,5000.0,5000.0,211.397,794.093,478.243,388.839,396.414,513.091,807.346,318.959,237.815,476.024,1330.32,1710.68,5000.0,1055.66,5000.0,5000.0,360.031,1797.4,339.791,308.036,308.561,962.218,2496.63,5000.0,1337.65,316.435,459.629,335.742,2823.69,3249.11,695.727,2780.15
sgen4-unsat-101-1.cnf,421a355b8cd4687b8900ba38436eda36,5000.0,5000.0,5000.0,2003.39,2236.85,5000.0,5000.0,5000.0,5000.0,5000.0,5000.0,5000.0,5000.0,4891.0,2941.38,5000.0,2930.1,5000.0,5000.0,5000.0,5000.0,5000.0,5000.0,5000.0,5000.0,5000.0,5000.0,1955.68,5000.0,5000.0,5000.0,5000.0,4376.18,5000.0,5000.0
QG7-gensys-icl006.sat05-3132.reshuffled-07.cnf,56dc474305bf6e6817771129f995c737,4009.24,5000.0,5000.0,173.435,220.123,3206.18,308.277,769.825,1157.92,361.207,346.711,759.341,2529.56,1138.75,1149.6,1538.07,553.813,5000.0,5000.0,438.273,1877.57,415.421,654.34,1265.09,5000.0,5000.0,5000.0,157.804,1316.59,931.041,1616.65,2845.97,2648.33,534.876,2954.94
shift1add.10997.cnf,2f258bcfc52e978fb7f0939c30438e1d,247.682,3.9404,405.096,127.175,355.811,11.5792,354.85,52.677,1.40479,1.48777,1530.81,2210.51,9.36858,0.641901,0.611906,2815.0,4156.22,5000.0,5000.0,153.006,5000.0,6.87895,10.4304,9.24959,2.83057,1.16182,0.574912,14.9627,11.6842,3.9544,5000.0,0.574912,0.559914,0.567913,0.570912
LABS_n069_goal001.cnf,197850fb4f3ade336e5f5227bb92cbb7,4954.13,5000.0,5000.0,3821.41,5000.0,5000.0,5000.0,5000.0,2740.74,5000.0,2855.43,3056.86,2988.6,5000.0,5000.0,5000.0,5000.0,5000.0,5000.0,3487.29,3281.61,3915.0,3966.5,3876.35,4164.79,5000.0,5000.0,2945.02,3427.45,3024.12,3370.01,5000.0,5000.0,5000.0,5000.0
LABS_n089_goal008.cnf,7532956095f94ba840f19bfdec169f22,5000.0,5000.0,5000.0,5000.0,457.479,5000,5000.0,5000.0,5000.0,121.558,5000.0,5000.0,4299.16,5000.0,4467.84,5000.0,2115.04,5000.0,5000.0,5000.0,2190.99,1100.01,496.822,5000.0,5000.0,5000.0,5000.0,5000.0,5000.0,1935.2,3832.2,5000.0,3026.04,2840.83,5000.0
shift1add.28943.cnf,7eca15464de38c4a8519942691263d30,1984.63,61.9996,3384.98,973.341,3063.49,25.7771,2134.63,429.795,3.40448,3.09453,5000.0,5000.0,21.7757,1.54277,1.54576,5000.0,3698.74,5000.0,5000.0,5000.0,5000.0,93.4288,100.127,87.1008,14.9547,4.08238,1.48477,254.297,30.7823,17.6213,5000.0,1.46678,1.54476,1.52277,1.46378
pmg-12-UNSAT.sat05-3940.reshuffled-07.cnf,cb7fcc0a671d4e8fcabb476bdf51a2fc,5000.0,4721.39,4518.19,731.523,1084.14,5000.0,5000.0,5000.0,0.007997,5000.0,5000.0,5000.0,5000.0,2017.09,1673.62,5000.0,1122.67,5000.0,5000.0,5000.0,5000.0,5000.0,5000.0,5000.0,5000.0,5000.0,5000.0,733.123,5000.0,5000.0,5000.0,5000.0,3150.82,5000.0,5000.0
hid-uns-enc-6-1-0-0-0-0-4779.cnf,f7c2a52da02d88145bd08fd9057ef418,511.272,5000.0,5000.0,257.681,262.422,675.671,204.691,341.194,518.425,432.745,216.403,352.098,269.52,1199.56,1248.5,5000.0,666.324,5000.0,5000.0,206.16,1123.13,442.289,260.958,261.504,461.358,1020.28,5000.0,1178.53,181.946,350.979,324.136,2720.36,2744.1,603.807,2825.72
mrpp_4x4#4_16.cnf,243bd9c6619cfbf2ec379e06ae705f76,0.136979,5000.0,5000.0,0.075987,0.079987,0.075987,0.26296,0.161974,0.19097,0.257959,0.12598,0.12098,0.048992,137.376,135.469,0.921859,419.246,5000.0,546.159,0.101984,0.243962,0.055991,0.245962,0.244962,0.544916,0.586909,5000.0,0.076987,0.114981,0.097984,0.135979,2500.14,2534.56,0.854869,2499.76
LABS_n071_goal006.cnf,bbae79a1587324d9870435f6122e0b82,1576.2,5000.0,5000.0,5000.0,1054.68,2225.75,4306.77,5000.0,5000.0,5000.0,3017.27,731.425,2632.71,5000.0,5000.0,5000.0,5000.0,5000.0,5000.0,984.427,4538.2,3406.11,5000.0,5000.0,2940.34,5000.0,5000.0,5000.0,5000.0,177.783,5000.0,5000.0,4258.87,5000.0,2995.17
contest04-lksat-n1100-m7545-k4-l4-s310659001.sat05-524.reshuffled-07.cnf,3c6e2bf4052a26ce5bdb6cfc9e1f735c,1011.79,5000.0,5000.0,414.072,243.972,3482.78,507.915,940.241,2601.0,1620.67,1251.45,1221.35,1740.77,1161.47,1154.31,1180.71,625.481,5000.0,5000.0,501.753,972.076,630.761,562.323,598.314,2223.22,2609.6,5000.0,189.943,518.84,882.59,659.531,3781.48,2721.02,3390.67,3910.28
hid-uns-enc-6-1-0-0-0-0-30856.cnf,91d9badff060b3f78192971d3e2ee7f6,525.826,5000.0,5000.0,258.74,427.381,657.103,283.559,336.794,508.831,1058.87,265.79,472.194,597.644,1263.15,1404.53,4687.29,782.288,5000.0,5000.0,266.479,3198.57,431.661,227.531,228.131,926.403,2935.8,5000.0,1112.51,258.24,405.81,295.693,2769.74,2904.39,575.723,2800.07
rbsat-v760c43649g3.cnf,c696ddfb3a317249636b51c1ee6994c7,4.6183,1051.45,213.233,115.341,0.729888,242.671,61.6886,828.847,217.031,495.355,32.669,388.903,217.414,13.5569,13.5809,1967.87,91.839,43.4764,3.77143,181.867,231.102,85.0261,55.3726,55.0226,83.9112,744.621,1.39179,651.812,30.6643,129.455,10.3574,4.33534,4.36333,0.569913,4.36234
LABS_n091_goal009.cnf,1e492431cebb71a7ac670ab663dba2fb,2860.06,5000.0,5000.0,108.594,511.19,5000,5000.0,121.984,2007.95,860.548,2361.37,266.984,75.5755,1025.87,1010.79,1155.19,612.403,5000.0,5000.0,8.44871,741.888,450.238,85.595,214.409,521.303,911.453,5000.0,534.272,1099.38,1108.87,54.4137,4809.12,2832.86,268.769,2702.17
LABS_n095_goal008.cnf,38b5416c335592f7c82ada09ee4793ca,5000.0,5000.0,5000.0,5000.0,5000.0,5000,5000.0,5000.0,5000.0,5000.0,5000.0,5000.0,5000.0,5000.0,5000.0,5000.0,5000.0,5000.0,5000.0,5000.0,5000.0,5000.0,5000.0,5000.0,5000.0,5000.0,5000.0,5000.0,5000.0,5000.0,5000.0,5000.0,5000.0,5000.0,5000.0
ndist.b.27485.cnf,8af2129085e88aee9f139538288c6e11,47.4218,605.886,5000.0,3.2635,141.812,3.21851,1354.92,1007.71,26.325,700.347,5000.0,5000.0,3.01454,710.908,663.208,5000.0,802.643,53.0399,58.927,10.2684,5000.0,3.71644,14.9527,14.6298,10.0025,14.3268,746.442,3.11552,3.11952,3.07653,3.19751,792.263,725.503,667.071,734.206
LABS_n044_goal003.cnf,b0c923e5b818f3812e70e4ff067ca427,5000.0,5000.0,5000.0,2906.08,5000.0,5000.0,4061.63,5000.0,5000.0,5000.0,4183.86,5000.0,2806.26,5000.0,2959.07,5000.0,5000.0,5000.0,5000.0,3552.02,5000.0,5000.0,4317.63,5000.0,5000.0,5000.0,5000.0,3646.8,5000.0,5000.0,5000.0,5000.0,5000.0,5000.0,4095.0
hid-uns-enc-6-1-0-0-0-0-157.cnf,2b907fcf94225ca83437be62d73ab83b,649.161,5000.0,5000.0,553.906,596.298,740.917,808.031,441.163,759.821,1597.69,315.783,504.929,837.476,1381.59,1778.03,5000.0,1014.09,5000.0,5000.0,364.225,1807.83,385.295,295.134,296.333,1159.21,5000.0,5000.0,1736.72,277.35,722.57,385.795,2818.81,3061.11,840.955,2872.34
crafted_n12_d6_c4_num8.cnf,d01aea60595e9028951abb3cd0c3883a,5000.0,64.3602,5000.0,5000.0,5000.0,3181.2,5000.0,5000.0,2054.32,608.074,5000.0,5000.0,5000.0,5000.0,5000.0,5000.0,5000.0,5000.0,5000.0,5000.0,5000.0,5000.0,1740.18,5000.0,679.082,2607.41,5000.0,5000.0,5000.0,5000.0,5000.0,5000.0,5000.0,5000.0,5000.0
hid-uns-enc-6-1-0-0-0-0-22984.cnf,5565d6d597ccfbd9d1d8ac0d8e7c6861,954.005,5000.0,5000.0,1153.67,2185.11,1309.51,1073.7,1448.59,1634.37,2304.77,872.426,1110.19,1594.48,3090.75,3130.12,5000.0,2563.44,5000.0,5000.0,741.918,3433.07,1233.04,899.627,888.115,3328.57,5000.0,5000.0,2999.83,584.261,1109.88,1076.64,3375.71,4573.08,1501.79,3456.3
rbsat-v945c61409g10.cnf,4b3c9ace68adf36eacbbfebb5083efc4,8.44771,766.01,734.335,225.692,306.709,5000.0,261.071,166.074,426.77,694.262,132.995,564.666,13.6769,317.914,318.042,1897.79,96.9593,38.4352,102.477,751.281,485.803,57.4893,106.905,106.761,3813.07,339.863,26.7509,2002.91,54.7107,763.657,120.518,44.4782,44.6912,101.384,44.5602
hwb-n28-02-S818962541.shuffled-as.sat03-1628.cnf,d705043763df769aab1e385bbbc2b11e,5000.0,5000.0,2547.59,2795.94,3145.76,5000.0,5000.0,5000.0,5000.0,5000.0,5000.0,5000.0,5000.0,3802.14,3548.97,5000.0,2620.34,5000.0,5000.0,5000.0,5000.0,5000.0,5000.0,5000.0,5000.0,3088.14,5000.0,1401.37,5000.0,5000.0,5000.0,5000.0,5000.0,5000.0,5000.0
Pappus-k7.cnf,a9816f4c04e9d3e926438cd586537f8f,2813.51,5000.0,5000.0,5000.0,5000.0,2520.8,1589.9,1756.19,5000.0,5000.0,5000.0,5000.0,3747.46,5000.0,5000.0,5000.0,5000.0,5000.0,5000.0,1791.95,5000.0,1976.25,2012.4,1714.07,5000.0,5000.0,5000.0,5000.0,1549.26,1957.78,1870.65,5000.0,5000.0,5000.0,5000.0
LABS_n039_goal002.cnf,80fb50cc2d93f5548dc5dcb1332f4c9c,5000.0,5000.0,5000.0,5000.0,5000.0,5000.0,5000.0,5000.0,5000.0,5000.0,3982.9,5000.0,4799.07,5000.0,5000.0,5000.0,5000.0,5000.0,5000.0,5000.0,5000.0,5000.0,4756.05,4799.36,5000.0,5000.0,5000.0,5000.0,4556.05,4854.21,4444.07,5000.0,5000.0,5000.0,5000.0
ndist.b.22994.cnf,efef230340ae43e5955869e89d2b0412,22.9245,399.813,5000.0,2.77958,254.637,2.97555,526.382,569.083,24.1963,671.096,5000.0,5000.0,2.6336,519.843,442.77,4754.84,801.537,36.2225,39.584,8.01978,5000.0,3.01154,11.9082,11.6882,8.89165,10.7904,512.721,2.56561,2.84557,2.87056,2.54161,469.422,496.104,464.786,487.258
hid-uns-enc-6-1-0-0-0-0-17054.cnf,3c26db7025700211a3df8b79e309f268,2078.52,5000.0,5000.0,3246.36,3247.88,2861.61,3192.27,2643.2,3251.05,4866.28,1897.85,1970.55,2698.17,3557.51,4814.55,5000.0,3868.48,5000.0,5000.0,1357.18,5000.0,2219.92,1555.45,1505.01,5000.0,5000.0,5000.0,5000.0,1057.51,2141.43,1762.4,4396.58,5000.0,4438.73,4982.64
LABS_n088_goal008.cnf,6a56be105a85c4713a1f3b7b8e92f1f7,5000.0,5000.0,5000.0,5000.0,5000.0,5000,5000.0,5000.0,4852.19,5000.0,5000.0,5000.0,5000.0,1784.14,4944.63,5000.0,1977.03,5000.0,5000.0,4940.37,4760.05,4909.87,5000.0,2344.21,5000.0,5000.0,5000.0,3873.36,5000.0,3272.26,5000.0,5000.0,5000.0,5000.0,4475.54
Desargues-k7.cnf,9d05380d5ea9eebd6e997013f859ff6b,5000.0,5000.0,5000.0,5000.0,5000.0,5000.0,5000.0,5000.0,5000.0,5000.0,5000.0,5000.0,5000.0,5000.0,5000.0,5000.0,5000.0,5000.0,5000.0,5000.0,5000.0,5000.0,5000.0,5000.0,5000.0,5000.0,5000.0,5000.0,5000.0,5000.0,5000.0,5000.0,5000.0,5000.0,5000.0
LABS_n079_goal006.cnf,adbaa5a1da446ffdb14aad2a27f63224,5000.0,5000.0,5000.0,5000.0,5000.0,5000.0,5000.0,5000.0,5000.0,5000.0,5000.0,5000.0,5000.0,5000.0,5000.0,5000.0,5000.0,5000.0,5000.0,5000.0,5000.0,5000.0,5000.0,5000.0,5000.0,5000.0,5000.0,5000.0,5000.0,5000.0,5000.0,5000.0,5000.0,5000.0,5000.0
LABS_n100_goal009.cnf,fd64ac131ff23eedaa2b14678510e592,5000.0,5000.0,5000.0,2740.32,5000.0,5000,5000.0,5000.0,5000.0,4163.04,5000.0,989.371,5000.0,3500.51,5000.0,5000.0,1688.58,5000.0,5000.0,5000.0,5000.0,5000.0,5000.0,5000.0,5000.0,3812.64,5000.0,3919.91,5000.0,5000.0,5000.0,5000.0,5000.0,5000.0,5000.0
Paley13-k9.cnf,167b3df6cba69a33960148b80385e3a1,0.18797,7.09092,2.58161,0.197969,9.31358,0.073988,0.372942,0.365943,0.418936,0.893863,0.163974,0.181971,0.068988,984.441,984.179,0.78488,33.2059,5000.0,0.240963,0.165974,0.203968,0.069989,0.373942,0.466928,0.97685,0.290955,0.429933,0.074988,0.063989,0.12598,0.108982,1162.29,1165.43,0.445931,1168.42
Paley17-k10.cnf,0ef62ea3df1118185fd4613b6c4f8c1b,1326.34,5000.0,5000.0,1243.19,5000.0,540.5,467.958,490.51,5000.0,1909.94,1354.1,1261.23,950.399,5000.0,3487.68,4323.95,5000.0,5000.0,5000.0,334.236,577.154,393.141,546.139,388.552,1025.17,2617.64,5000.0,595.384,305.719,517.19,348.405,3888.02,5000.0,1554.17,3458.82
hid-uns-enc-6-1-0-0-0-0-8728.cnf,b28d34bc5a397fc218a3485be97c7bbc,1224.3,5000.0,5000.0,2510.3,3806.94,1364.33,1024.31,1092.55,1030.88,1514.52,687.893,1539.06,959.486,2203.92,4215.96,5000.0,2492.71,5000.0,5000.0,504.578,2919.22,1669.67,826.029,796.281,5000.0,5000.0,5000.0,4309.64,673.538,989.542,600.919,3198.88,5000.0,1859.36,3780.39
hid-uns-enc-6-1-0-0-0-0-18969.cnf,c8583d4e38daaf1f589e4da7953d187d,441.055,5000.0,5000.0,1317.95,1115.78,333.468,229.451,196.83,317.162,491.175,252.856,278.277,398.577,1560.1,2005.61,3204.86,2065.09,5000.0,5000.0,186.274,994.134,214.209,157.456,157.351,548.878,2246.91,5000.0,1256.89,135.712,228.709,164.009,2753.46,3548.38,585.347,2655.32
hid-uns-enc-6-1-0-0-0-0-12688.cnf,53812495037d4cc951876abbb88b7e39,899.867,5000.0,5000.0,1493.9,1439.17,895.503,1015.77,684.5,870.109,1264.03,731.362,885.547,838.568,1531.03,2247.9,5000.0,1414.36,5000.0,5000.0,623.012,1735.56,1203.15,411.062,407.362,1139.57,5000.0,5000.0,3926.48,337.747,701.995,478.466,3227.53,3883.5,1411.64,3368.16
LABS_n091_goal008.cnf,3b4b288db7559762d31fa8ccc5b129fa,5000.0,5000.0,5000.0,5000.0,2193.37,5000,5000.0,5000.0,5000.0,5000.0,5000.0,5000.0,5000.0,1430.37,5000.0,5000.0,5000.0,5000.0,5000.0,5000.0,5000.0,1019.86,398.382,3013.54,5000.0,5000.0,5000.0,4090.75,5000.0,5000.0,5000.0,5000.0,5000.0,5000.0,5000.0
LABS_n074_goal006.cnf,08d105f1674ac42167c87936b9e563f9,5000.0,5000.0,5000.0,5000.0,56.2694,5000.0,5000.0,5000.0,5000.0,5000.0,494.496,367.921,5000.0,5000.0,5000.0,5000.0,5000.0,5000.0,5000.0,5000.0,5000.0,3418.95,3268.86,5000.0,5000.0,5000.0,5000.0,5000.0,5000.0,5000.0,5000.0,2996.82,2550.69,5000.0,5000.0
ndist.b.21497.cnf,b03b23d80990609ceac33ac791d505e0,22.2136,340.964,5000.0,2.51262,131.834,2.72258,842.507,542.663,15.8016,691.069,5000.0,5000.0,2.45363,433.585,398.944,3443.81,801.444,31.8262,35.7036,7.44487,5000.0,2.5936,10.9053,10.7884,8.5347,22.8635,443.049,2.41663,2.67159,2.54261,2.34364,473.488,449.613,393.644,431.927
Brinkmann-k9.cnf,5b123d705c91c3f716b372318b88badd,5000.0,5000.0,5000.0,5000.0,5000.0,5000.0,5000.0,5000.0,5000.0,5000.0,5000.0,5000.0,5000.0,5000.0,5000.0,5000.0,5000.0,5000.0,5000.0,5000.0,5000.0,5000.0,5000.0,5000.0,5000.0,5000.0,5000.0,5000.0,5000.0,5000.0,5000.0,5000.0,5000.0,5000.0,5000.0
Chvatal-k5.cnf,e246e9865fd40c1e2d0a4603bb626745,0.114982,2305.8,6.64699,0.921859,6.31604,0.138978,0.202969,0.31795,0.476926,0.619905,0.275957,0.179972,0.364944,984.113,984.19,2.21666,428.002,5000.0,5000.0,0.197969,0.297953,0.159975,132.171,0.38294,0.807876,0.515921,939.84,0.142977,0.134978,0.12298,0.144977,4.66429,4.66029,0.804877,4.66829
ndist.b.28483.cnf,12a46a8beb7d5f0b622c093623ed91b0,35.0577,643.604,5000.0,3.35949,147.232,3.57046,1671.91,804.194,29.1486,689.672,5000.0,5000.0,3.38648,783.603,773.741,4852.67,802.993,56.0725,68.9025,10.4474,5000.0,3.66244,15.2107,14.8117,10.1555,8.70268,782.556,3.2505,3.47347,3.44348,3.18351,865.301,822.177,809.429,872.63
ndist.b.23493.cnf,55a7b09e64372da5bc76604569935957,47.4598,415.274,5000.0,2.73558,138.239,2.89756,835.366,522.531,23.9874,686.375,5000.0,5000.0,2.6486,541.07,492.957,2498.22,801.547,38.4981,42.9755,8.5727,5000.0,2.94555,10.8633,12.2251,9.00663,13.437,578.711,2.6226,2.73958,2.70659,2.70859,531.27,545.951,508.576,532.48
ndist.b.23992.cnf,b40b93ed87197f66de199610711d7d97,32.1391,442.785,5000.0,2.86656,316.49,2.98754,736.742,403.436,25.8061,731.573,5000.0,5000.0,2.84357,545.294,501.114,3553.96,801.76,39.76,45.3171,9.51955,5000.0,3.2525,12.873,12.7551,9.63953,8.05477,546.961,2.78357,2.92155,2.83957,2.69259,585.484,543.165,559.954,490.466
ndist.b.25988.cnf,a4e6e231401388dac0630045643120b7,50.3543,530.193,5000.0,3.12752,131.906,3.66144,871.032,587.012,28.8346,723.564,5000.0,5000.0,3.31949,634.23,646.656,4493.23,802.626,46.4789,52.494,9.64653,5000.0,3.70544,14.1418,14.0809,9.8555,8.64568,605.686,2.93055,3.51846,3.51647,3.01654,590.215,657.528,601.01,612.451
ndist.b.28982.cnf,1d6d4423a585ccaeafd66025140462f5,44.2183,738.803,5000.0,3.60845,147.79,3.66744,1333.76,1086.5,43.3584,715.059,5000.0,5000.0,3.74943,799.809,742.516,4785.06,802.872,57.8302,65.0691,10.5224,5000.0,3.9594,16.0726,16.1675,10.9693,11.3523,774.963,3.34149,3.57746,3.76443,3.2625,804.397,742.762,758.851,806.355
ndist.b.29980.cnf,7bba25ea7c3772a5a872f39d0174f320,33.7919,747.17,5000.0,3.55846,131.828,3.9564,1641.44,966.324,23.8774,812.742,5000.0,5000.0,3.60845,932.553,822.297,4941.39,803.458,61.6446,69.9044,11.2983,5000.0,4.09038,14.1049,15.8246,11.0313,8.77766,899.707,3.48747,3.82942,3.72843,3.49847,808.351,813.464,838.366,824.112
ndist.b.22495.cnf,2ff16e7b3499da712b0e64ad62425f9a,42.4775,375.248,5000.0,2.6136,136.273,2.83557,587.779,406.813,21.7867,692.475,5000.0,5000.0,2.57361,488.467,500.312,4069.11,799.822,34.7877,38.9221,9.28259,5000.0,2.82057,12.0482,11.9742,8.93164,16.7834,449.812,2.47962,2.6506,2.6296,2.57661,501.224,483.705,467.282,487.635
ndist.b.24990.cnf,be0f5f33aec40b13808877361d9f8c1c,34.7647,522.971,5000.0,3.05853,147.734,3.17452,1250.12,534.705,32.0521,735.653,5000.0,5000.0,3.11952,627.074,531.315,3895.28,801.486,43.1244,47.4838,9.07862,5000.0,3.37749,13.287,12.905,10.0255,8.39872,594.177,2.83557,3.12152,3.08653,2.83157,597.89,556.483,592.765,576.207
rnd-v25-e157-k12.cnf,ebd577f41b7f597ccfe8ddf226a0aba7,5000.0,5000.0,5000.0,5000.0,5000.0,5000.0,5000.0,5000.0,5000.0,5000.0,5000.0,5000.0,5000.0,5000.0,5000.0,5000.0,5000.0,5000.0,5000.0,5000.0,5000.0,5000.0,5000.0,5000.0,5000.0,5000.0,5000.0,5000.0,5000.0,5000.0,5000.0,5000.0,5000.0,5000.0,5000.0
ndist.b.21996.cnf,2ec665cef804b197b0137e8268cad36b,37.6463,383.774,5000.0,2.57261,156.594,3.41948,759.361,319.067,18.9871,673.707,5000.0,5000.0,3.19051,453.348,411.855,3459.38,801.423,33.2579,36.3005,7.66983,5000.0,2.88656,11.1163,11.1773,8.80066,22.3596,457.32,2.46362,3.3135,3.36249,2.42863,449.213,438.643,422.538,429.684
ndist.b.25489.cnf,0746e63cbf074dfde08ea21ea0381e2b,61.4367,563.068,5000.0,3.04654,151.984,3.17552,925.987,642.466,29.2995,706.294,5000.0,5000.0,2.98255,623.404,602.908,3932.93,802.469,44.4142,49.8214,9.40957,5000.0,3.45647,13.9889,13.5999,10.1365,17.4124,624.377,2.86356,3.11153,3.2555,2.80657,625.257,615.173,679.302,645.657
ndist.b.26487.cnf,d68d76c29ed26a6f0d110635a1ba7816,36.0555,599.161,5000.0,3.11153,140.329,3.2685,899.106,741.047,24.6653,699.161,5000.0,5000.0,3.09853,711.713,646.678,4262.58,802.324,48.3876,54.8327,10.6054,5000.0,3.46447,14.5838,14.2298,9.76351,8.06977,732.358,3.21951,3.2855,3.2575,3.20351,671.667,680.421,621.933,705.713
rnd-v25-e233-k8.cnf,ddf05576773d6465e0e143ae469f92bf,2977.46,5000.0,5000.0,3236.56,5000.0,2041.77,1640.91,1639.24,5000.0,5000.0,5000.0,4389.66,2953.87,5000.0,5000.0,5000.0,5000.0,5000.0,5000.0,1780.7,5000.0,1541.03,1456.07,1383.89,5000.0,5000.0,5000.0,5000.0,1407.37,1372.75,1456.58,5000.0,5000.0,5000.0,5000.0
rnd-v25-e178-k12.cnf,663c750b7d014e1f34c2f8f79fbfa49a,5000.0,5000.0,5000.0,5000.0,5000.0,5000.0,5000.0,5000.0,5000.0,5000.0,5000.0,5000.0,5000.0,5000.0,5000.0,5000.0,5000.0,5000.0,5000.0,5000.0,5000.0,5000.0,5000.0,5000.0,5000.0,5000.0,5000.0,5000.0,5000.0,5000.0,5000.0,5000.0,5000.0,5000.0,5000.0
ndist.b.20998.cnf,1b3377a216e05ebf998bb2ce52b0e5d7,26.211,342.186,5000.0,2.42563,203.588,2.6226,463.484,572.284,21.6327,725.796,5000.0,5000.0,2.46662,397.344,369.815,3121.56,801.213,30.1814,32.984,7.27289,5000.0,3.2865,10.4464,11.4263,8.19575,15.7336,380.328,2.38164,2.6036,2.6416,2.38264,426.917,372.386,385.135,403.01
ndist.b.26986.cnf,34d9e9ddfce847b03b06a5b20708f41b,43.2234,611.35,5000.0,3.14852,147.912,3.49447,822.849,635.644,19.0631,711.691,5000.0,5000.0,3.20451,713.595,629.888,5000.0,802.177,49.6764,56.3624,9.74452,5000.0,3.72643,14.6168,14.5568,10.0295,19.1441,651.146,3.08153,3.3105,3.2895,3.04554,642.819,636.578,708.125,637.038
em_12_2_4_exp.cnf,e72d819fa5b57b6476ac56a442ceab9b,25.4091,5000.0,5000.0,31.0063,5000.0,96.0184,293.599,242.07,927.725,235.647,277.455,156.859,165.285,6.593,6.36703,577.267,461.651,3666.16,1.84172,50.7173,21.7667,151.736,55.9315,196.898,211.833,42.8005,6.24605,4859.64,119.391,114.762,102.252,5.68713,5.69513,28.0487,5.69413
ndist.b.24491.cnf,34b5298cd050a62c3353028a5df5ab4b,37.8342,494.124,5000.0,2.94455,131.629,3.18451,1198.9,609.837,26.7379,678.396,5000.0,5000.0,2.98055,617.652,539.269,3876.62,801.118,41.1607,45.775,8.5677,5000.0,3.09953,11.2973,12.4291,9.56654,8.21675,572.632,2.86456,2.96555,2.91955,2.81757,657.537,573.07,570.748,578.632
LABS_n068_goal001.cnf,8701e0c2f2144cfc4d6d00dc21dcd706,3759.72,5000.0,5000.0,5000.0,4950.71,4807.01,4471.19,4163.88,2662.89,5000.0,2405.22,2498.62,2282.89,5000.0,5000.0,5000.0,5000.0,5000.0,5000.0,2782.43,2444.01,3630.61,3060.84,2945.7,5000.0,5000.0,5000.0,2380.23,2648.47,2316.81,2620.99,4914.77,5000.0,5000.0,5000.0
rnd-v25-e195-k11.cnf,4161b270b5ac9719c28e01fc327495f9,5000.0,5000.0,5000.0,5000.0,5000.0,5000.0,5000.0,5000.0,5000.0,5000.0,5000.0,5000.0,5000.0,5000.0,5000.0,5000.0,5000.0,5000.0,5000.0,5000.0,5000.0,5000.0,5000.0,5000.0,5000.0,5000.0,5000.0,5000.0,5000.0,5000.0,5000.0,5000.0,5000.0,5000.0,5000.0
fsf-300-354-2-2-3-2.94.opt.cnf,fee2b800d9f30cdf4b1b0463973ccccb,2.49962,5000.0,5000.0,5000.0,5000.0,5000.0,5000.0,5000.0,5000.0,5000.0,5000.0,5000.0,5000.0,5000.0,5000.0,5000.0,5000.0,5000.0,147.479,5000.0,5000.0,5000.0,5000.0,5000.0,5000.0,5000.0,5000.0,5000.0,5000.0,5000.0,5000.0,5000.0,5000.0,860.857,5000.0
grid-pebbling-sat-grid-pbl-0300.sat05-1341.sat05-1341.reshuffled-07.cnf,e899c85929b7de69ebfb14f0dad93191,468.152,5000.0,5000.0,116.457,0.963852,0.892863,98.33,95.8594,198.479,27.9867,5000.0,5000.0,0.78688,985.367,985.116,5000.0,402.838,5000.0,69.9484,2.16567,5000.0,0.907861,3.39348,7.43587,3.63045,1.54676,5000.0,0.889864,0.840871,0.807877,1.20082,5000.0,2500.46,216.438,2598.06
ndist.b.29481.cnf,680b59976106379b2485fdc3079d082d,39.167,707.992,5000.0,3.50447,131.402,3.9574,1558.18,729.501,23.9804,711.166,5000.0,5000.0,3.49447,827.332,852.579,5000.0,803.342,59.7519,67.6727,11.1573,5000.0,3.85741,13.9899,15.9886,10.8184,8.65168,925.597,3.49747,3.77543,3.56946,3.41048,927.498,831.358,769.545,861.273
rnd-v25-e67-k8.cnf,8aaa8848dbdd80868dba67a10a603b40,3482.65,5000.0,5000.0,5000.0,5000.0,3498.25,2730.77,2473.82,5000.0,5000.0,5000.0,5000.0,3968.85,5000.0,5000.0,5000.0,5000.0,5000.0,5000.0,2796.55,5000.0,2641.4,2467.31,2188.86,5000.0,5000.0,5000.0,5000.0,1982.16,2284.49,2389.43,5000.0,5000.0,5000.0,5000.0
rnd-v25-e188-k11.cnf,d54e0eb674f04863b2adceb87955787d,5000.0,5000.0,5000.0,5000.0,5000.0,5000.0,5000.0,5000.0,5000.0,5000.0,5000.0,5000.0,5000.0,5000.0,5000.0,5000.0,5000.0,5000.0,5000.0,5000.0,5000.0,5000.0,5000.0,5000.0,5000.0,5000.0,5000.0,5000.0,5000.0,5000.0,5000.0,5000.0,5000.0,5000.0,5000.0
rnd-v25-e246-k8.cnf,0874ee463a2dd30ba471dd6cde371261,5000.0,5000.0,5000.0,5000.0,5000.0,5000.0,5000.0,5000.0,5000.0,5000.0,5000.0,5000.0,5000.0,5000.0,5000.0,5000.0,5000.0,5000.0,5000.0,5000.0,5000.0,5000.0,5000.0,5000.0,5000.0,5000.0,5000.0,5000.0,5000.0,5000.0,5000.0,5000.0,5000.0,5000.0,5000.0
rnd-v25-e217-k10.cnf,4b0fe662c1887bf7ce285e485f52ed03,5000.0,5000.0,5000.0,5000.0,5000.0,5000.0,5000.0,5000.0,5000.0,5000.0,5000.0,5000.0,5000.0,5000.0,5000.0,5000.0,5000.0,5000.0,5000.0,5000.0,5000.0,5000.0,5000.0,5000.0,5000.0,5000.0,5000.0,5000.0,5000.0,5000.0,5000.0,5000.0,5000.0,5000.0,5000.0
ndist.b.20000.cnf,6a622aa7279bf0649afc4951004dbcb9,36.5744,287.114,5000.0,2.38164,141.654,3.19351,537.177,358.154,24.3823,715.814,5000.0,5000.0,3.11952,366.556,374.308,2594.15,777.734,27.6148,31.7232,6.45602,5000.0,3.05753,9.92549,10.9033,7.94279,7.38388,404.529,2.35564,3.07253,3.09753,2.28765,350.471,398.776,358.562,355.484
rnd-v25-e87-k10.cnf,44ec5444d83e67016bfc10371a08e1e1,5000.0,5000.0,5000.0,5000.0,5000.0,5000.0,5000.0,5000.0,5000.0,5000.0,5000.0,5000.0,5000.0,5000.0,5000.0,5000.0,5000.0,5000.0,5000.0,5000.0,5000.0,5000.0,5000.0,5000.0,5000.0,5000.0,5000.0,5000.0,5000.0,5000.0,5000.0,5000.0,5000.0,5000.0,5000.0
VanDerWaerden_pd_2-3-20_390.cnf,9f9afdb81b528e7852015fad23de6353,3154.4,630.114,220.693,189.996,486.208,1609.2,258.089,260.396,1592.27,2060.22,241.908,336.091,317.352,1175.6,1145.29,367.53,583.756,5000.0,5000.0,279.615,292.764,325.692,264.379,261.579,1056.62,738.974,5000.0,112.892,244.599,447.592,279.121,2747.53,2658.67,492.0,2744.53
rnd-v25-e122-k12.cnf,b1beea312483ba25eba58bd4801b8502,5000.0,5000.0,5000.0,5000.0,5000.0,5000.0,5000.0,5000.0,5000.0,5000.0,5000.0,5000.0,5000.0,5000.0,5000.0,5000.0,5000.0,5000.0,5000.0,5000.0,5000.0,5000.0,5000.0,5000.0,5000.0,5000.0,5000.0,5000.0,5000.0,5000.0,5000.0,5000.0,5000.0,5000.0,5000.0
rnd-v25-e13-k3.cnf,0b9479241cca81bdd601704e422cac98,721.255,7.45387,5000.0,1.3228,12.0342,0.745885,3.9664,4.00939,5.06023,3.9694,1.21581,1.26681,0.71489,985.59,985.479,2.52561,449.084,335.717,21.9877,1.45678,1.47478,0.733887,2.75458,3.64445,7.19191,1.49077,5000.0,0.923858,0.78288,1.53877,1.36279,2501.21,2500.92,3.82542,2499.79
rbsat-v1375c111739gyes5.cnf,5cc64fc395ac9b6d6a5d3b88927f3e73,20.4269,5000.0,5000.0,5000.0,5000.0,5000.0,5000.0,5000.0,5000.0,5000.0,968.256,5000.0,5000.0,163.319,166.031,5000.0,464.246,336.829,5000.0,5000.0,5000.0,5000.0,5000.0,5000.0,5000.0,5000.0,26.159,5000.0,4304.5,5000.0,5000.0,0.940856,0.941856,41.9446,0.936857
sgen1-sat-140-100.cnf,07b17839a612470dd109e37b3b09aec5,0.479926,4.28635,9.51755,108.394,2.40463,459.632,29.9264,544.487,522.104,467.917,1146.98,173.285,1275.4,0.093984,0.091985,19.1651,31.6352,0.898863,0.474927,36.4395,53.7028,398.031,349.114,349.429,640.668,228.19,0.110982,31.7692,1013.73,276.868,103.188,0.32295,0.32095,0.06199,0.318951
mod2-rand3bip-sat-250-3.sat05-2220.reshuffled-07.cnf,b79b003513b2a70c9b89188422a831e2,3869.91,558.366,0.017996,672.171,774.789,5000.0,2447.25,5000.0,0.010997,401.66,4782.9,875.596,1623.59,2083.92,1041.82,5000.0,864.227,5000.0,5000.0,3857.26,458.425,2770.83,3572.88,5000.0,955.737,1.44478,5000.0,974.725,5000.0,3147.23,3862.21,5000.0,3118.14,1152.94,5000.0
LABS_n070_goal006.cnf,410814f447128b64e2d8d70e493e2a78,5000.0,5000.0,5000.0,5000.0,173.74,1223.55,5000.0,5000.0,767.222,2566.95,2966.66,57.4483,1857.44,4286.49,5000.0,5000.0,1105.8,5000.0,5000.0,5000.0,625.617,5000.0,3632.73,274.472,5000.0,2256.84,5000.0,5000.0,2259.62,4293.94,1633.29,5000.0,5000.0,5000.0,3460.59
sgen1-sat-270-100.cnf,faab5c0aeb1a425be987801e96de7280,90.4992,5000.0,5000.0,5000.0,5000.0,5000.0,5000.0,5000.0,5000.0,5000.0,5000.0,5000.0,5000.0,62.2755,59.039,5000.0,523.851,5000.0,5000.0,5000.0,5000.0,5000.0,5000.0,5000.0,5000.0,5000.0,484.934,5000.0,5000.0,5000.0,5000.0,18.2612,18.2582,192.75,18.2232
rnd-v25-e80-k10.cnf,9db79832f0a8a5de030dccb02b714914,5000.0,5000.0,5000.0,5000.0,5000.0,5000.0,5000.0,5000.0,5000.0,5000.0,5000.0,5000.0,5000.0,5000.0,5000.0,5000.0,5000.0,5000.0,5000.0,5000.0,5000.0,5000.0,5000.0,5000.0,5000.0,5000.0,5000.0,5000.0,5000.0,5000.0,5000.0,5000.0,5000.0,5000.0,5000.0
MUS-v320-1.cnf,b9ad0dfab039d75c9fce00b1c2c85510,5000.0,22.8455,16.9754,340.392,393.576,5000.0,4334.14,5000.0,5000.0,3099.1,5000.0,5000.0,5000.0,1336.74,1305.89,5000.0,729.449,5000.0,5000.0,5000.0,2804.48,5000.0,5000.0,5000.0,5000.0,4723.31,5000.0,312.319,5000.0,5000.0,5000.0,5000.0,2786.01,5000.0,5000.0
MUS-v300-1.cnf,5d2ff01d8cd0914e81d34c45fd485faa,738.148,7.76682,5.81811,104.154,128.686,2825.8,752.807,338.308,1436.29,317.712,1033.46,476.971,893.084,1063.11,1050.63,444.408,474.135,5000.0,5000.0,360.04,512.27,518.274,402.01,373.543,655.063,374.5,5000.0,75.2356,380.522,909.605,364.856,3550.68,2569.6,1856.74,3304.5
MUS-v310-3.cnf,94b992217f26802feb57e19901cdc011,5000.0,18.7781,15.0297,296.379,351.169,5000.0,2720.36,5000.0,5000.0,2476.58,5000.0,5000.0,5000.0,1312.21,1239.54,5000.0,681.021,5000.0,5000.0,5000.0,2766.01,5000.0,5000.0,5000.0,5000.0,2581.76,5000.0,281.965,5000.0,5000.0,5000.0,5000.0,2747.93,5000.0,5000.0
MUS-v300-2.cnf,fabcc0bcf282f276261116c891f9cc73,3155.03,15.9966,12.3751,198.175,237.624,5000.0,2509.22,2665.49,5000.0,1386.39,5000.0,3940.26,5000.0,1197.52,1169.17,3500.72,635.117,5000.0,5000.0,2946.96,2201.29,3644.36,2916.59,2973.23,2293.34,1937.03,5000.0,220.551,2442.34,5000.0,2959.32,5000.0,2661.6,5000.0,5000.0
MUS-v320-2.cnf,785fb49da7379549112471def46d558b,5000.0,27.7578,21.4797,586.141,724.839,5000.0,5000.0,5000.0,5000.0,5000.0,5000.0,5000.0,5000.0,1515.59,1418.03,5000.0,845.292,5000.0,5000.0,5000.0,5000.0,5000.0,5000.0,5000.0,5000.0,5000.0,5000.0,541.727,5000.0,5000.0,5000.0,5000.0,3042.67,5000.0,5000.0
MUS-v310-1.cnf,201abdc983334ae221323321b419ced1,3931.31,22.6186,17.8123,316.564,378.226,5000.0,3475.95,4258.32,5000.0,2860.69,5000.0,5000.0,5000.0,1288.86,1241.28,5000.0,672.644,5000.0,5000.0,4210.36,3147.78,4862.32,4127.26,3655.51,3179.14,2298.5,5000.0,334.423,4334.3,5000.0,4195.97,5000.0,2763.13,5000.0,5000.0
MUS-v310-2.cnf,aae8c01bab8a0414b908125e6fe382fb,2928.83,15.9236,12.962,217.538,256.174,5000.0,1676.64,2778.93,5000.0,1394.42,5000.0,3041.77,5000.0,1199.76,1197.2,3608.47,603.797,5000.0,5000.0,2827.41,1726.8,2613.65,2697.94,3132.1,2556.01,1841.47,5000.0,259.184,2534.66,5000.0,2826.76,5000.0,2674.57,5000.0,5000.0
MUS-v320-3.cnf,18c4a0ae166a27c283a4c425820d6d76,5000.0,24.3773,18.8651,356.704,421.948,5000.0,4285.58,5000.0,5000.0,2390.36,5000.0,5000.0,5000.0,1392.87,1322.64,5000.0,745.099,5000.0,5000.0,5000.0,2948.26,5000.0,5000.0,5000.0,5000.0,3805.64,5000.0,424.073,5000.0,5000.0,5000.0,5000.0,2808.09,5000.0,5000.0
MUS-v330-2.cnf,544cda2cc3a1ab7e928138831a5a0834,4544.51,28.1607,22.5796,346.938,436.234,5000.0,4238.46,3848.93,5000.0,2802.84,5000.0,5000.0,5000.0,1337.7,1272.64,5000.0,724.13,5000.0,5000.0,4320.02,2976.83,4837.03,4804.8,4055.6,5000.0,3288.07,5000.0,452.864,4165.14,5000.0,4399.82,5000.0,2825.75,5000.0,5000.0
MUS-v300-3.cnf,9408972cf6361992b01398230e4b65b6,1799.03,13.5549,10.2944,175.474,215.725,5000.0,798.203,1290.89,5000.0,820.037,4397.57,1839.09,3294.03,1188.77,1124.42,1648.8,535.791,5000.0,5000.0,1383.85,1170.94,1682.33,1423.94,1472.49,1290.56,1379.85,5000.0,178.23,1465.31,5000.0,1409.9,5000.0,2638.47,5000.0,5000.0
MUS-v310-4.cnf,9b2de140f7b5261cf7dc348858b08453,2360.35,15.7206,12.3311,195.122,266.542,5000.0,1538.37,1916.49,5000.0,1390.28,5000.0,2940.08,4361.9,1173.87,1171.33,2790.53,600.696,5000.0,5000.0,1958.63,1215.84,2623.28,2140.02,2373.4,2804.16,1930.99,5000.0,226.989,1755.71,4003.2,1955.6,5000.0,2678.92,5000.0,5000.0
MUS-v300-4.cnf,c0a6a2516de8a7abfd04f864a071c437,2029.42,14.4358,11.1633,164.419,224.751,5000.0,1691.05,1427.24,5000.0,1038.26,4911.33,2246.34,5000.0,1142.33,1121.64,3010.02,596.016,5000.0,5000.0,1776.81,1556.78,2095.7,1819.57,1868.24,1645.11,1518.32,5000.0,162.002,1806.88,4433.81,1809.47,5000.0,2646.87,5000.0,5000.0
MUS-v330-1.cnf,4eedf1be2989b680ec079bf39da161e1,3921.37,22.0826,17.7643,267.535,322.115,5000.0,2297.84,3355.17,5000.0,1813.67,5000.0,4460.94,5000.0,1271.47,1230.23,5000.0,714.522,5000.0,5000.0,3686.2,2743.74,4496.99,3530.42,3504.44,2786.96,2123.46,5000.0,371.978,3541.58,5000.0,3717.42,5000.0,2724.6,5000.0,5000.0
tph9.cnf,6b59a08b882963e25c9e2f8d019af21a,5000.0,5000.0,5000.0,5000.0,5000.0,5000.0,5000.0,5000.0,5000.0,5000.0,5000.0,5000.0,5000.0,5000.0,5000.0,5000.0,5000.0,5000.0,5000.0,5000.0,5000.0,5000.0,5000.0,5000.0,5000.0,0.018996,5000.0,5000.0,5000.0,5000.0,5000.0,5000.0,5000.0,5000.0,5000.0
tph14.cnf,3068486753da24233b3934a6d8a9c61a,5000.0,5000.0,5000.0,5000.0,5000.0,5000.0,5000.0,5000.0,5000.0,5000.0,5000.0,5000.0,5000.0,5000.0,5000.0,5000.0,5000.0,5000.0,5000.0,5000.0,5000.0,5000.0,5000.0,5000.0,5000.0,0.12498,5000.0,5000.0,5000.0,5000.0,5000.0,5000.0,5000.0,5000.0,5000.0
tph16.cnf,363e3c274b998607ca800be210c35861,5000.0,5000.0,5000.0,5000.0,5000.0,5000.0,5000.0,5000.0,5000.0,5000.0,5000.0,5000.0,5000.0,5000.0,5000.0,5000.0,5000.0,5000.0,5000.0,5000.0,5000.0,5000.0,5000.0,5000.0,5000.0,0.241962,5000.0,5000.0,5000.0,5000.0,5000.0,5000.0,5000.0,5000.0,5000.0
tph11.cnf,11ded6479a0fa5fff4130846262521b0,5000.0,5000.0,5000.0,5000.0,5000.0,5000.0,5000.0,5000.0,5000.0,5000.0,5000.0,5000.0,5000.0,5000.0,5000.0,5000.0,5000.0,5000.0,5000.0,5000.0,5000.0,5000.0,5000.0,5000.0,5000.0,0.038993,5000.0,5000.0,5000.0,5000.0,5000.0,5000.0,5000.0,5000.0,5000.0
Hidoku_enu_6.cnf,33a59c8f923de94121bb33286fd37847,36.5214,5000.0,5000.0,501.479,7.11292,213.79,23.8144,3.98439,10.1855,5000.0,2.32865,8.39672,16.6305,0.691894,0.662898,16.6665,21.3787,5000.0,2267.12,16.8164,11.3363,3.52446,25.7241,16.0786,50.5413,9.76051,0.644901,24.6523,21.6557,4.72228,26.396,3.61045,3.61845,5.30819,3.61445
tph8.cnf,f89125bfb3d999d785371286be910b88,5000.0,5000.0,5000.0,5000.0,5000.0,5000.0,5000.0,5000.0,5000.0,5000.0,5000.0,5000.0,5000.0,5000.0,5000.0,5000.0,5000.0,5000.0,5000.0,5000.0,5000.0,5000.0,201.315,5000.0,5000.0,0.011997,5000.0,5000.0,5000.0,5000.0,5000.0,5000.0,5000.0,5000.0,5000.0
Dodecahedron-k7.cnf,2cd05d8f40912fcd8fd1e06bf3b12df8,5000.0,5000.0,5000.0,5000.0,5000.0,5000.0,5000.0,5000.0,5000.0,5000.0,5000.0,5000.0,5000.0,5000.0,5000.0,5000.0,5000.0,5000.0,5000.0,5000.0,5000.0,5000.0,5000.0,5000.0,5000.0,5000.0,5000.0,5000.0,5000.0,5000.0,5000.0,5000.0,5000.0,5000.0,5000.0
tph10.cnf,38a58be13585e2bf062285900d42f65f,5000.0,5000.0,5000.0,5000.0,5000.0,5000.0,5000.0,5000.0,5000.0,5000.0,5000.0,5000.0,5000.0,5000.0,5000.0,5000.0,5000.0,5000.0,5000.0,5000.0,5000.0,5000.0,5000.0,5000.0,5000.0,0.026995,5000.0,5000.0,5000.0,5000.0,5000.0,5000.0,5000.0,5000.0,5000.0
tph7.cnf,602e69ccd5a77a6a69c548cd5bb203b4,5000.0,5000.0,5000.0,5000.0,5000.0,5000.0,5000.0,5000.0,5000.0,5000.0,5000.0,5000.0,5000.0,5000.0,5000.0,5000.0,5000.0,5000.0,5000.0,5000.0,5000.0,5000.0,201.638,102.876,5000.0,0.006998,5000.0,5000.0,5000.0,5000.0,5000.0,5000.0,5000.0,5000.0,5000.0
tph6.cnf,ff18e7f3b2e82ff125cb310fa8e940aa,1130.28,79.7819,119.739,91.0722,140.555,1777.45,113.401,362.825,5000.0,363.817,543.072,660.685,3937.14,1110.07,1070.68,246.418,506.983,5000.0,5000.0,50.4613,501.447,719.574,547.611,3.3005,2050.92,0.003998,5000.0,188.144,417.759,2559.7,631.406,3041.53,2573.06,568.33,2971.12
tph18.cnf,1fcb2bb906c35093c1ffccb58e4860c6,5000.0,5000.0,5000.0,5000.0,5000.0,5000.0,5000.0,5000.0,5000.0,5000.0,5000.0,5000.0,5000.0,5000.0,5000.0,5000.0,5000.0,5000.0,5000.0,5000.0,5000.0,5000.0,208.46,5000.0,5000.0,0.479926,5000.0,5000.0,5000.0,5000.0,5000.0,5000.0,5000.0,5000.0,5000.0
tph19.cnf,02b508588cd29b260211e3e9ff4b1ee8,5000.0,5000.0,5000.0,5000.0,5000.0,5000.0,5000.0,5000.0,5000.0,5000.0,5000.0,5000.0,5000.0,5000.0,5000.0,5000.0,5000.0,5000.0,5000.0,5000.0,5000.0,5000.0,212.754,5000.0,5000.0,0.626904,5000.0,5000.0,5000.0,5000.0,5000.0,5000.0,5000.0,5000.0,5000.0
tph12.cnf,62a2988f3015fd4f98ad572638ae2e6d,5000.0,5000.0,5000.0,5000.0,5000.0,5000.0,5000.0,5000.0,5000.0,5000.0,5000.0,5000.0,5000.0,5000.0,5000.0,5000.0,5000.0,5000.0,5000.0,5000.0,5000.0,5000.0,5000.0,5000.0,5000.0,0.06099,5000.0,5000.0,5000.0,5000.0,5000.0,5000.0,5000.0,5000.0,5000.0
tph20.cnf,b032e0e224abe4443f9a8226693b6747,5000.0,5000.0,5000.0,5000.0,5000.0,5000.0,5000.0,5000.0,5000.0,5000.0,5000.0,5000.0,5000.0,5000.0,5000.0,5000.0,5000.0,5000.0,5000.0,5000.0,5000.0,5000.0,5000.0,5000.0,5000.0,0.799877,5000.0,5000.0,5000.0,5000.0,5000.0,5000.0,5000.0,5000.0,5000.0
em_7_4_9_all.cnf,d78c1359306a87fe47f1b830ca255359,661.8,5000.0,5000.0,0.143978,19.85,2.11968,3.60345,3.59945,2.24166,0.260959,3.16252,1.80372,10.3854,57.3123,56.2584,4.68129,308.885,1066.03,1353.4,0.286955,4.29935,2.96955,2.30365,8.30674,23.8604,32.0851,265.988,4.31634,1.3338,1.02484,3.48047,135.093,135.87,3.17252,135.476
mrpp_4x4#6_24.cnf,b293be1a757bc424b8424aa6a434d0c6,220.77,5000.0,5000.0,0.794879,5000.0,0.486925,0.467928,0.986849,0.789879,0.967852,0.693893,0.342947,0.31795,1366.54,999.1,3.37649,5000.0,5000.0,5000.0,0.349946,0.637902,0.383941,0.677896,0.503923,1.73374,1.65875,5000.0,0.374942,0.299953,0.567913,0.555914,2500.32,5000.0,1.49477,2500.21
toughsat_factoring_155s.cnf,32b4c3c2aba66691c0dc23964cdc1ba8,297.404,2035.26,338.318,33.8059,39.656,54.1748,805.61,784.515,549.019,340.022,1051.17,195.468,188.633,1097.14,1347.45,545.504,669.124,5000.0,5000.0,145.198,118.694,362.619,312.561,311.883,279.334,291.364,5000.0,222.604,41.9846,19.577,1060.48,3557.49,2533.11,171.946,2865.31
rnd-v25-e81-k8.cnf,b3877a6acfdc34d769de1320c236b601,1622.53,5000.0,5000.0,2983.16,5000.0,921.592,656.82,524.855,5000.0,3564.2,4774.0,2493.91,1042.97,5000.0,5000.0,5000.0,5000.0,5000.0,5000.0,543.151,5000.0,636.681,774.732,588.928,5000.0,3894.35,5000.0,5000.0,590.501,524.184,568.124,5000.0,5000.0,4138.28,4080.91
ndist.b.20499.cnf,b426dbcd15d5eb416018980ff29563dc,35.4726,324.571,5000.0,2.39764,153.222,2.53761,444.664,309.178,15.5886,714.91,5000.0,5000.0,2.37664,392.496,366.754,2677.82,801.006,28.8426,31.6752,7.2319,5000.0,2.6396,11.4123,11.0803,8.05277,19.1511,371.766,2.23666,2.56461,2.43063,2.27265,390.917,369.255,387.52,390.579
mrpp_4x4#8_10.cnf,0346ced6a4e5704bbb7d2c936bf3263e,355.353,5000.0,5000.0,0.165974,6.53201,0.154976,0.207967,0.166974,0.154976,0.155976,0.099984,0.163975,0.177972,985.435,985.124,0.976851,414.502,5000.0,5000.0,0.173972,0.195969,0.100984,257.152,0.302952,0.38294,0.460929,5000.0,0.277957,0.054991,0.157975,0.156976,2499.73,2500.41,0.312952,2499.73
fsf-300-354-2-2-3-2.46.opt.cnf,ac53ad35d7ac8736208aa4236358b1cd,1.52677,5000.0,5000.0,5000.0,603.183,5000.0,5000.0,5000.0,5000.0,5000.0,5000.0,5000.0,5000.0,5000.0,5000.0,5000.0,5000.0,7.40987,5000.0,5000.0,5000.0,5000.0,5000.0,5000.0,5000.0,5000.0,853.822,5000.0,5000.0,5000.0,5000.0,5000.0,5000.0,5000.0,5000.0
mrpp_4x4#8_8.cnf,a0cf0a95ac9d978fb76529ab04256a86,354.44,5000.0,5000.0,0.110983,5.86211,0.094984,0.080986,0.184971,0.135979,0.219966,0.314951,0.149976,0.052991,984.739,984.117,1.41478,411.558,5000.0,5000.0,0.069989,0.12598,0.155975,0.165973,0.147977,0.376941,0.098984,5000.0,0.176972,0.090985,0.085986,0.097984,2500.31,2499.9,0.32395,2499.8
toughsat_factoring_148s.cnf,dc5271205bd368e274f0decd155e683b,265.919,1591.4,80.7867,36.1675,214.157,122.657,185.991,133.634,53.2989,39.349,8.00278,16.1905,212.118,1278.35,1077.59,210.454,461.814,5000.0,5000.0,28.9786,66.8578,15.5386,20.3559,20.3059,90.3543,69.0845,5000.0,29.8275,16.3935,19.831,46.9359,2508.05,2700.83,64.2002,2509.27
rbsat-v1150c84314gyes7.cnf,67fc0f99812bd82d7679f85de53d33a0,300.61,5000.0,5000.0,5000.0,5000.0,5000.0,5000.0,5000.0,5000.0,5000.0,5000.0,5000.0,5000.0,507.45,501.292,5000.0,548.066,3186.46,434.263,5000.0,5000.0,5000.0,5000.0,5000.0,5000.0,5000.0,16.0956,5000.0,5000.0,5000.0,5000.0,161.948,162.981,44.2063,164.342
em_7_4_8_all.cnf,49323100760aa1d9fcd1b2d7081994d1,677.189,5000.0,5000.0,90.4283,69.0205,58.8521,18.4612,18.5222,35.1407,81.0197,47.7497,66.3189,18.2302,379.646,374.007,515.093,253.196,5000.0,5000.0,40.6748,109.413,66.3749,168.088,1.11283,711.357,438.875,1339.71,125.144,7.38888,131.487,30.8623,828.425,828.775,109.068,831.968
mrpp_4x4#6_16.cnf,a04cb8c07407b4c2dc4216d0b4b7a5e7,0.820874,5000.0,5000.0,0.206968,12.6951,0.172973,0.162974,0.408937,0.243961,0.32395,0.180972,0.273958,0.072988,1003.56,989.176,3.55446,421.198,5000.0,5000.0,0.226965,0.311951,0.129979,0.356945,0.31595,0.631903,1.08283,5000.0,0.149976,0.169973,0.25296,0.280956,2499.8,2506.25,0.937856,2499.8
fsf-300-354-2-2-3-2.89.opt.cnf,eb8d0a6659cb3b3fba37e21977bad980,9.37257,5000.0,5000.0,5000.0,5000.0,5000.0,5000.0,5000.0,5000.0,5000.0,5000.0,5000.0,5000.0,5000.0,5000.0,5000.0,5000.0,5000.0,5000.0,5000.0,5000.0,5000.0,5000.0,5000.0,5000.0,5000.0,4258.79,5000.0,5000.0,5000.0,5000.0,5000.0,5000.0,5000.0,5000.0
abb313GPIA-9-tr.used-as.sat04-321.cnf,6c3ea795f258ba82c81e44969c0c5fb4,130.168,5000.0,5000.0,1.9627,31.9691,2.77758,3.42148,2.82857,2.92455,5000.0,1.51677,131.536,2.95355,6.32904,6.24605,4.53431,65.3451,1626.39,10.0565,1.24781,2.73558,1.68974,100.033,11.1193,4.64729,2.68559,8.34573,7.65184,1.41178,1.78973,3.76843,7.92179,7.9008,1.37479,7.84481
mrpp_4x4#6_7.cnf,1a849e45cc77b24a3ca1cb76b68e4ea2,44.2973,5000.0,5000.0,0.05599,5.57415,0.021995,0.080987,0.077987,0.063989,0.064989,0.041992,0.063989,0.022995,983.977,984.005,1.27381,408.487,5000.0,5000.0,0.057991,0.05899,0.025995,0.095985,0.094985,0.172973,0.066989,5000.0,0.05899,0.022995,0.027995,0.031994,2499.66,2499.82,0.19097,2499.65
mrpp_4x4#10_9.cnf,f6ce0ad15fdc473efb8fc7fa26999011,358.835,5000.0,5000.0,4.47232,14.4358,0.285956,3.3115,3.00754,0.503922,0.589909,0.995848,0.510922,1.06384,990.227,988.11,4.41233,419.387,5000.0,5000.0,0.409937,0.902862,1.46878,0.667897,0.560914,1.08583,1.13983,5000.0,2.5996,0.687895,0.737887,1.73873,2500.63,2507.77,2.25066,2506.59
x1_80.shuffled.cnf,53a7d1541ad9c0dde902ec3a505ae8fc,5000.0,5000.0,0.003998,5000.0,5000.0,5000.0,5000.0,5000.0,0.008998,3.20851,5000.0,5000.0,5000.0,5000.0,5000.0,5000.0,5000.0,5000.0,5000.0,5000.0,5000.0,5000.0,201.808,5000.0,5000.0,0.327949,5000.0,5000.0,5000.0,5000.0,5000.0,5000.0,5000.0,5000.0,5000.0
f600.shuffled.cnf,d42133fd7674f41611be43d1b8ca7db6,0.05899,415.157,2.40263,5000.0,0.062989,5000.0,5000.0,5000.0,5000.0,5000.0,5000.0,5000.0,5000.0,0.125979,0.12498,5000.0,14.5528,0.06199,0.165973,5000.0,5000.0,5000.0,5000.0,5000.0,5000.0,5000.0,0.013997,5000.0,5000.0,5000.0,5000.0,0.016996,0.020996,0.029995,0.017997
eulcbip-7-UNSAT.shuffled-as.sat05-3936.cnf,151ccdb2c52c7f525fde5dca388bb6e6,5000.0,5000.0,5000.0,5000.0,5000.0,5000.0,5000.0,5000.0,5000.0,5000.0,5000.0,5000.0,5000.0,5000.0,5000.0,5000.0,5000.0,5000.0,5000.0,5000.0,5000.0,5000.0,5000.0,5000.0,5000.0,5000.0,5000.0,5000.0,5000.0,5000.0,5000.0,5000.0,5000.0,5000.0,5000.0
mod2c-rand3bip-sat-240-2.shuffled-as.sat05-2519.cnf,b6a88c8ae73b20cfc873207d1a0caa09,5000.0,5000.0,5000.0,2456.16,2763.86,5000.0,3482.54,5000.0,5000.0,5000.0,5000.0,2305.51,3110.88,2924.48,5000.0,5000.0,1786.99,5000.0,5000.0,3162.53,2014.79,5000.0,282.675,2682.07,1682.63,645.218,5000.0,1436.37,349.153,5000.0,4698.46,5000.0,4829.55,5000.0,5000.0
em_7_4_9_cmp.cnf,cc3488b2f0eb99d818c5779787a8ab84,613.376,5000.0,5000.0,41.0318,31.6042,228.426,7.72782,47.2888,12.2571,4.27535,2.79857,22.7245,5.66714,248.446,245.906,48.8436,143.878,5000.0,5000.0,14.5128,60.5588,10.9313,23.7614,8.5687,62.7455,8.65668,1005.39,5.2832,14.1568,2.43763,17.7843,1177.05,1173.28,30.0974,1175.78
mrpp_8x8#20_16.cnf,d63ee500774b4b5fef93a96ae97c4f03,619.17,5000.0,5000.0,278.484,5000.0,443.369,56.0025,116.429,148.128,461.23,277.905,302.821,284.184,5000.0,5000.0,342.765,5000.0,5000.0,5000.0,109.124,403.544,445.256,210.79,179.706,465.795,129.773,5000.0,5000.0,262.629,988.128,266.351,2783.45,5000.0,836.479,2709.72
mrpp_8x8#22_16.cnf,be5c4f18d2a81b2edabdc9e7d709f51f,597.007,5000.0,5000.0,110.925,5000.0,209.861,223.016,61.9136,136.043,853.829,160.445,193.511,136.253,5000.0,5000.0,295.578,5000.0,5000.0,5000.0,37.2243,1588.01,315.687,115.788,153.147,1000.75,224.276,5000.0,5000.0,341.394,769.924,878.636,2659.62,5000.0,81.2626,2981.43
LABS_n073_goal006.cnf,dc3b1979cde2e43c3cc3364b92426d99,2384.08,5000.0,5000.0,5000.0,3702.73,88.6685,5000.0,5000.0,2185.47,5000.0,641.79,5000.0,4460.47,5000.0,5000.0,5000.0,5000.0,5000.0,5000.0,3973.24,5000.0,84.0532,5000.0,1768.09,5000.0,5000.0,5000.0,5000.0,3977.27,1761.17,4013.83,3116.15,5000.0,5000.0,5000.0
mrpp_8x8#16_20.cnf,ce7fedb6ff31aedfd88502743dd82bfc,568.32,5000.0,5000.0,140.699,5000.0,266.595,88.3966,105.457,292.603,855.118,182.252,320.425,313.622,5000.0,5000.0,607.03,5000.0,5000.0,5000.0,75.5565,804.582,203.172,501.382,263.369,848.551,579.872,5000.0,5000.0,521.826,1433.64,275.411,2680.69,5000.0,219.248,2541.62
mrpp_8x8#18_20.cnf,b2b7511cc8963090dff6ca6fa0947603,715.75,5000.0,5000.0,334.64,5000.0,1010.04,256.461,254.414,248.461,2465.76,513.968,1020.32,1011.11,5000.0,5000.0,821.031,5000.0,5000.0,5000.0,236.702,1209.72,945.258,1121.69,1076.79,2215.75,1119.27,5000.0,5000.0,1039.09,1977.88,767.615,3017.88,5000.0,325.331,2711.25
rbsat-v945c61409gyes1.cnf,2ebc99112d5ef282fe9d0d684db3984f,1.06084,2931.03,396.018,112.716,1.23181,421.814,3087.93,3121.49,1238.5,671.142,6.86096,53.6059,264.257,12.0352,12.0412,1321.63,78.733,53.4309,21.4157,181.533,112.969,1011.61,83.4013,83.4223,7.05993,20.7708,0.511921,490.094,1107.93,772.87,2356.13,6.02408,5.99409,1.02284,5.96409
mrpp_8x8#12_10.cnf,20dff3bfd992e7bd560e44063eff9732,451.247,5000.0,5000.0,1.13583,20.3319,0.927858,1.17782,1.59776,1.17882,2.5946,0.750885,0.624904,0.593908,997.878,989.19,5.50416,436.641,5000.0,5000.0,0.52292,1.02784,0.697893,1.03084,0.944855,2.05569,4.05938,5000.0,0.420935,0.604907,0.753884,0.963852,2500.73,2512.07,2.15867,2500.54
mrpp_8x8#20_20.cnf,09d2bbc8d08f3fefa9800688c28b91ce,912.404,5000.0,5000.0,524.48,5000.0,1588.57,313.492,471.49,638.314,5000.0,576.479,951.606,1536.54,5000.0,5000.0,947.821,5000.0,5000.0,5000.0,536.395,3150.09,1177.98,714.287,900.09,3359.38,744.338,5000.0,5000.0,1858.29,5000.0,639.043,3079.62,5000.0,910.301,2871.26
frb80-14-2.used-as.sat04-880.cnf,1242f0037df1c3d888415aeb418b77ed,5.9071,5000.0,5000.0,5000.0,2.89556,5000.0,5000.0,5000.0,5000.0,867.592,5000.0,5000.0,5000.0,149.251,149.173,5000.0,436.971,45.0402,698.147,5000.0,5000.0,5000.0,5000.0,5000.0,5000.0,5000.0,2.24566,5000.0,5000.0,5000.0,5000.0,0.676896,0.677896,2.22566,0.676896
mrpp_8x8#20_14.cnf,b0fa2ad374fa2e52420b68792d5f7d4e,561.556,5000.0,5000.0,156.876,5000.0,97.7031,64.4252,87.0178,43.7224,177.473,127.029,156.712,185.22,5000.0,3369.79,308.105,5000.0,5000.0,5000.0,62.9604,202.445,128.523,137.849,105.835,491.242,93.1188,5000.0,5000.0,290.335,142.753,156.794,2627.18,5000.0,791.655,2632.76
mrpp_8x8#24_16.cnf,3d3109dd48ae7373d293f6d4f8a707b3,641.057,5000.0,5000.0,369.975,5000.0,437.893,201.436,184.618,146.85,1137.55,279.879,516.449,471.872,5000.0,5000.0,788.98,5000.0,5000.0,5000.0,300.792,500.008,404.519,593.986,1297.42,1604.99,495.273,5000.0,5000.0,345.459,1732.23,362.135,2775.25,5000.0,576.466,2653.89
289-unsat-6x30.cnf,b4a3233c98b6a02fd9143f926d90025d,0.208967,289.79,1.53277,5000.0,0.078987,0.280956,0.148976,0.147977,0.944856,27.3428,0.739887,0.459929,0.883865,0.367943,0.364943,1.3368,433.55,0.027995,0.027995,0.997848,92.9439,0.835872,207.202,1.24181,3.44748,0.152976,0.294954,5000.0,0.209967,0.6479,1.21281,0.300953,0.301953,0.289955,0.302953
tph15.cnf,5da14a8415a1028d0c274532dfaf4c85,5000.0,5000.0,5000.0,5000.0,5000.0,5000.0,5000.0,5000.0,5000.0,5000.0,5000.0,5000.0,5000.0,5000.0,5000.0,5000.0,5000.0,5000.0,5000.0,5000.0,5000.0,5000.0,5000.0,5000.0,5000.0,0.173972,5000.0,5000.0,5000.0,5000.0,5000.0,5000.0,5000.0,5000.0,5000.0
mrpp_8x8#18_16.cnf,d3bd21ecc4139fcbf976e5ae47d82334,597.481,5000.0,5000.0,99.9728,5000.0,300.458,111.968,105.628,46.7109,190.459,129.255,152.377,87.6747,5000.0,5000.0,360.317,5000.0,5000.0,5000.0,67.3368,161.654,210.427,235.859,182.685,528.419,238.581,5000.0,5000.0,184.147,243.221,166.613,2629.11,5000.0,281.925,2631.89
shift1add.19970.cnf,9f0a409b0a6a457c9955e2badc711fc2,2034.57,21.6837,1557.48,467.359,1265.44,5000,1097.73,138.355,2.35464,2.11668,5000.0,5000.0,43.9823,1.10283,1.09783,5000.0,2023.96,5000.0,5000.0,818.657,5000.0,53.7878,21.0558,22.9485,13.6009,2.33764,0.998847,96.8083,50.1824,10.1765,5000.0,1.01884,1.02684,1.04284,1.03484
rnd-v25-e39-k6.cnf,e3087caa02189e98028db2878a7d65f2,1315.53,5000.0,5000.0,621.135,5000.0,497.363,383.65,375.018,1398.82,2177.25,1345.61,974.062,438.189,5000.0,5000.0,5000.0,5000.0,5000.0,5000.0,432.815,4263.3,305.682,334.563,330.661,4767.2,3132.09,5000.0,2794.02,280.15,364.651,377.416,3869.11,5000.0,1658.41,3210.26
prime2209-92.cnf,890e8a1cecc618ed692e9acd1fd79edd,506.341,5000.0,5000.0,2.92755,3.05553,1.2888,34.5318,6.69298,4.34934,1.93071,1.27281,1.39979,1.16082,986.689,986.718,40.9218,422.799,5000.0,5000.0,2.99454,1.47278,1.34879,212.706,23.5844,7.49786,2.72558,532.622,1.45978,1.26081,1.36179,1.9547,463.938,464.054,13.104,465.603
mrpp_6x6#16_20.cnf,639d6203b8b5efd010b40f10750a13ef,503.477,5000.0,5000.0,37.0044,5000.0,94.7796,65.915,57.0763,128.221,301.062,103.686,31.4652,109.021,5000.0,5000.0,362.513,5000.0,5000.0,5000.0,26.049,242.113,68.0097,88.3916,121.189,341.633,51.8651,5000.0,5000.0,195.055,135.047,67.0888,2604.14,5000.0,247.827,2540.21
Kittell-k7.cnf,d7d566781e1c621d1f73b84ef6cc6642,1256.11,5000.0,5000.0,675.078,5000.0,563.295,373.976,342.965,5000.0,2609.33,2867.59,1600.76,498.447,5000.0,5000.0,5000.0,5000.0,5000.0,5000.0,414.847,4458.59,368.163,537.321,380.196,5000.0,2760.14,5000.0,5000.0,337.265,341.114,359.089,5000.0,5000.0,2079.97,3576.21
mrpp_6x6#14_20.cnf,77e59a6a34676aba8992c0ae99e952eb,467.036,5000.0,5000.0,8.47471,5000.0,24.5523,16.9394,10.3934,81.3926,197.459,9.01963,21.6557,25.6861,5000.0,5000.0,37.9162,5000.0,5000.0,5000.0,12.7511,56.6384,29.9734,273.863,27.9987,108.529,31.7732,5000.0,3344.66,28.5967,48.6376,18.3332,2509.09,5000.0,15.2407,2542.5
mrpp_6x6#10_24.cnf,c4f06dd16e78b7f7f5ffaed129b0bcc5,466.159,5000.0,5000.0,10.4044,5000.0,24.8062,11.0993,3.99639,34.7207,120.162,13.259,22.1026,19.0771,5000.0,5000.0,73.5008,5000.0,5000.0,5000.0,12.2151,31.3332,21.2788,247.091,34.7487,164.364,28.8036,5000.0,108.109,14.9707,35.4676,12.1751,2512.8,5000.0,29.9684,2511.65
mrpp_6x6#14_10.cnf,54935073c15192c717011233995430fd,409.035,5000.0,5000.0,1.89771,37.8412,0.864867,1.81772,2.08368,1.88871,3.64944,1.66875,0.873866,0.488924,1026.24,1019.49,5.05523,457.363,5000.0,5000.0,0.836872,1.83472,1.09483,227.581,1.09183,4.42033,2.5886,5000.0,5.05623,0.648901,2.86856,1.36679,2501.29,2529.16,2.24566,2500.53
mrpp_6x6#12_24.cnf,1a86e72f96560cef966e57d5992caea3,475.346,5000.0,5000.0,26.7369,5000.0,69.5904,20.2399,21.7497,65.973,370.68,22.0586,28.2797,112.014,5000.0,5000.0,142.804,5000.0,5000.0,5000.0,18.1322,206.688,24.8642,282.373,43.0984,273.109,39.652,5000.0,2344.69,64.5582,55.3866,36.3615,2521.88,5000.0,66.1799,2514.29
hid-uns-enc-6-1-0-0-0-0-28258.cnf,5823f409f1fc1a1325fc5415bea6d34d,1009.48,5000.0,5000.0,986.226,3740.45,771.864,1593.29,1310.73,791.903,1011.73,1825.44,986.394,1002.65,2325.99,4120.67,5000.0,3641.47,5000.0,5000.0,570.622,1801.02,799.971,453.434,448.021,3034.69,3376.54,5000.0,5000.0,500.751,647.449,791.401,4417.39,5000.0,1872.1,3564.23
mrpp_6x6#18_24.cnf,da9e803ba9aedf0cae7e48be143d1201,686.1,5000.0,5000.0,225.8,5000.0,880.802,1865.05,298.858,260.371,3624.44,232.803,545.558,258.26,5000.0,5000.0,676.422,5000.0,5000.0,5000.0,174.453,3858.54,448.022,1213.96,501.858,1285.13,356.26,5000.0,5000.0,395.885,2648.97,447.198,2727.1,5000.0,279.189,2631.53
mrpp_6x6#18_10.cnf,6609c55f55f375d41524fcf5de8ebef2,432.657,5000.0,5000.0,4.46832,113.875,11.9472,16.1765,10.2774,3.05253,4.41033,3.64345,4.83426,16.4715,1078.39,1085.7,26.0,547.043,5000.0,5000.0,2.65659,6.92095,9.29459,5.34319,4.31734,7.8988,10.5874,5000.0,108.142,4.6063,11.9062,8.37672,2503.27,2602.3,20.7538,2507.52
mrpp_6x6#16_24.cnf,53b8e26a66352dd8b6f33f01edcbbf31,525.749,5000.0,5000.0,86.7408,5000.0,116.87,308.395,135.784,268.497,1762.35,165.507,137.223,218.406,5000.0,5000.0,394.433,5000.0,5000.0,5000.0,43.0105,502.998,102.586,298.415,124.987,1022.76,214.079,5000.0,5000.0,966.628,488.738,183.299,2665.05,5000.0,383.858,2546.77
mrpp_6x6#14_24.cnf,ca41fac9c596217bff82ea7485f1ef7f,494.484,5000.0,5000.0,32.1731,5000.0,145.73,23.5554,47.3968,121.919,799.201,91.1031,76.9663,112.585,5000.0,5000.0,245.295,5000.0,5000.0,5000.0,47.7147,1034.66,84.1022,67.1728,54.8517,564.275,109.655,5000.0,5000.0,74.2597,178.651,80.2278,2591.31,5000.0,51.6701,2545.78
em_11_3_4_exp.cnf,b7e51ccd3f2fabc77c07fa1f8f28f931,16.1815,5000.0,5000.0,8.32073,983.151,3.56346,53.6328,52.421,207.806,85.658,14.3578,36.7914,22.5076,3.15652,3.01354,235.824,463.716,5000.0,121.085,33.2819,41.9086,31.0873,35.1487,14.6068,18.6372,93.0299,8.09777,38.1752,48.6656,30.2094,19.483,2.26665,2.32865,47.5698,2.27465
mrpp_6x6#12_16.cnf,4cadfdf792a061fe1df1191788042e4b,440.548,5000.0,5000.0,4.53531,5000.0,7.15891,8.30774,3.9514,7.8768,27.2948,3.41248,6.47902,5.35019,5000.0,1618.63,18.1492,5000.0,5000.0,5000.0,2.6336,9.68553,6.16806,239.463,4.97324,20.9608,7.17391,5000.0,156.439,9.8315,4.45432,12.2111,2503.02,5000.0,6.543,2502.61
VanDerWaerden_pd_2-3-23_507.cnf,0c4fc551e2fe598a8074df6204d87f7d,5000.0,5000.0,3375.16,2346.39,2738.91,5000.0,5000.0,5000.0,5000.0,5000.0,5000.0,5000.0,5000.0,3830.18,3307.93,5000.0,2382.26,5000.0,5000.0,5000.0,4943.03,5000.0,5000.0,5000.0,5000.0,5000.0,5000.0,1750.89,5000.0,5000.0,5000.0,5000.0,4703.86,5000.0,5000.0
VanDerWaerden_pd_2-3-22_464.cnf,a722a199fd84ba0b319251daa47aa19c,5000.0,5000.0,3079.63,2337.74,2740.43,5000.0,5000.0,5000.0,5000.0,5000.0,5000.0,5000.0,5000.0,3615.75,3331.52,5000.0,2385.12,5000.0,5000.0,5000.0,5000.0,5000.0,5000.0,5000.0,5000.0,5000.0,5000.0,1565.14,5000.0,5000.0,5000.0,5000.0,4691.97,5000.0,5000.0
mrpp_6x6#18_20.cnf,b2a5cb80446b4d3e3086e96e16a401b0,542.367,5000.0,5000.0,77.0663,5000.0,118.472,486.92,108.895,146.07,2055.39,277.871,88.7535,127.351,5000.0,5000.0,169.393,5000.0,5000.0,5000.0,21.3478,414.927,202.244,138.287,597.81,330.526,142.985,5000.0,3594.59,251.445,783.227,167.2,2767.92,5000.0,389.949,2530.4
VanDerWaerden_pd_2-3-21_401.cnf,4e87573be2b7b7324c13131d6c6896b8,3124.43,1111.02,241.183,209.441,474.971,1437.4,231.564,232.941,1506.5,1705.49,199.659,318.078,263.295,1176.58,1141.49,339.269,590.163,5000.0,5000.0,256.657,233.793,315.862,235.437,234.771,872.363,653.573,5000.0,110.324,230.854,348.146,261.261,2699.69,2649.85,403.113,2699.21
mrpp_6x6#20_10.cnf,d1b51ef97ef9401d8557042337c0865b,493.59,5000.0,5000.0,37.8502,4481.25,87.8556,197.369,1065.02,74.5627,14.7238,58.0852,1165.79,63.5403,1449.48,1668.42,314.954,910.47,5000.0,5000.0,53.7398,156.219,82.6894,288.03,201.114,33.8189,627.039,5000.0,5000.0,61.4287,29.1596,50.0754,2556.83,5000.0,5000.0,2601.05
VanDerWaerden_pd_2-3-24_567.cnf,cb7c9df8144e5ba66f8009983efe791f,77.3222,5000.0,5000.0,4888.68,4813.51,5000.0,5000.0,5000.0,5000.0,5000.0,1429.35,5000.0,5000.0,5000.0,5000.0,5000.0,5000.0,45.898,20.6239,1407.96,5000.0,5000.0,3979.41,3974.83,5000.0,5000.0,178.208,2456.88,286.016,5000.0,5000.0,3953.11,5000.0,5000.0,3926.08
VanDerWaerden_pd_2-3-23_505.cnf,8e7b614904543aa28491ea45c761cbd5,6.61599,1447.74,2641.77,1188.06,1.19682,2115.94,5000.0,5000.0,5000.0,5000.0,3526.24,5000.0,5000.0,2773.4,2804.33,5000.0,1138.66,44.0353,129.002,1118.86,2785.16,5000.0,835.1,841.442,5000.0,635.454,3847.01,1646.75,1426.57,5000.0,3403.07,2253.97,2235.07,2336.51,2252.97
GreenTao_2-4-4_511.cnf,766a362c83d920a8f8dd49df62ed42c9,0.06399,915.01,5000.0,5000.0,19.698,5000.0,5000.0,5000.0,5000.0,5000.0,5000.0,5000.0,5000.0,26.379,26.515,5000.0,15.7126,2.00769,0.658899,5000.0,5000.0,5000.0,5000.0,5000.0,5000.0,5000.0,0.192969,5000.0,5000.0,5000.0,5000.0,1.9297,1.92871,0.114981,1.9327
crafted_n11_d6_c3_num4.cnf,6a5d7b20a70b8a3b2924142750efd8ca,5000.0,23.4404,5000.0,2710.34,5000.0,929.991,1663.56,1675.62,479.408,583.689,1563.08,3377.97,5000.0,5000.0,5000.0,5000.0,5000.0,5000.0,5000.0,542.4,5000.0,3119.46,3111.31,1477.38,2231.06,5000.0,5000.0,5000.0,1757.28,1227.07,572.779,4047.04,5000.0,3244.8,4061.77
jkkk-random-132906006148277-10-10-34-SUM-sat.cnf,782f3891485966689564ee754120a27f,1092.76,5000.0,5000.0,1667.74,1492.0,1210.15,189.684,1326.59,2270.5,365.904,603.242,163.984,1276.14,2484.93,1887.77,430.619,5000.0,5000.0,5000.0,285.202,273.654,716.913,618.027,637.41,242.152,1234.62,5000.0,2167.67,869.023,531.772,411.939,3111.17,2540.68,4330.81,4647.49
crafted_n10_d6_c4_num6.cnf,d9a72aa23864ede2d52df0cca00549df,5000.0,33.4869,5000.0,2657.4,5000.0,586.302,2513.99,2550.47,686.97,1529.63,4103.81,3440.03,5000.0,5000.0,2935.49,5000.0,5000.0,5000.0,5000.0,1493.79,5000.0,3218.03,1032.57,2820.87,530.172,5000.0,5000.0,5000.0,1894.84,1105.02,777.718,4156.44,5000.0,4063.5,4125.84
crafted_n11_d6_c3_num7.cnf,a71314d3e320ce375648e231fba07514,5000.0,23.5464,5000.0,3182.4,5000.0,727.04,2277.54,2926.33,555.852,3766.93,1479.52,1788.66,5000.0,5000.0,5000.0,5000.0,5000.0,5000.0,5000.0,710.603,5000.0,2415.59,3179.07,2353.9,1059.69,5000.0,5000.0,5000.0,2491.16,738.968,541.113,3935.17,5000.0,3040.21,3926.7
