Instance,MD5,Nigma-DRUP,Nigma-NoPB-DRUP,minisat_bit_u,forl,SAT4J Certified,forl,Lingeling,glucose,glueminisat-cert-unsat,Riss3g,minisat DRUP
smtlib-qfbv-aigs-ext_con_032_008_0256-tseitin.cnf,ee9a3768141236efcc4a858e8f92a7e9,5000.0,5000.0,5000.0,88.7505,5000.0,92.5389,1337.85,5000.0,5000.0,5000.0,5000.0
smtlib-qfbv-aigs-lfsr_004_127_112-tseitin.cnf,a78f49949ed32c6f8eea9d5e428c909d,36.2155,34.6307,5.22221,483.709,5000.0,329.998,55.4756,7.49386,8.12277,7.99678,5.56215
hwmcc10-timeframe-expansion-k50-pdtpmsns2-tseitin.cnf,9059f458d76edcc4dc5681746a6de6e5,850.799,711.011,3637.67,540.228,5000.0,430.872,762.21,602.463,647.908,777.825,5000.0
hwmcc10-timeframe-expansion-k45-pdtpmsgoodbakery-tseitin.cnf,3fad4722cb319d6fee4192f2fe2c31ed,468.692,489.43,1867.77,178.046,5000.0,176.749,580.153,271.738,326.605,274.279,1368.79
hwmcc10-timeframe-expansion-k45-pdtvissoap1-tseitin.cnf,a4c7dbdc89378b1335eea4904f9f5cb5,832.928,822.955,3551.09,283.584,5000.0,362.651,604.623,327.777,326.018,460.677,5000.0
hitag2-8-60-0-0xfba1a41b5dfd7f7-52.cnf,0ab64eaff80e0a5514ff8980890265d0,5000.0,5000.0,5000.0,5000.0,5000.0,5000.0,5000.0,5000.0,5000.0,5000.0,5000.0
slp-synthesis-aes-bottom14.cnf,7af4cc1b94644f101ccf5f2373fdbfea,5000.0,5000.0,5000.0,5000.0,5000.0,5000.0,5000.0,3137.45,4886.57,5000.0,5000.0
slp-synthesis-aes-bottom13.cnf,f3c2fb082f5fbc8fb1f714d6ee13929d,5000.0,215.979,469.723,5000.0,1349.54,5000.0,5000.0,298.734,683.834,3086.82,1974.96
9dlx_vliw_at_b_iq9.cnf,9a43349587a435e7109b46b3aceb156e,4636.5,5000.0,5000.0,3989.27,5000.0,3475.55,5000.0,2828.99,5000.0,3868.87,5000.0
arcfour_initialPermutation_5_32.cnf,1d1f96fc6fc32d1d0b2f857c1940751b,5000.0,5000.0,5000.0,5000.0,5000.0,5000.0,5000.0,5000.0,5000.0,5000.0,5000.0
arcfour_initialPermutation_6_16.cnf,704e8012d8e15db1c118cecd8b08b401,2149.89,2125.13,1587.01,1967.35,4860.11,1833.96,1593.61,1791.41,1916.82,1795.7,1604.17
arcfour_initialPermutation_6_56.cnf,f1e490ffb40a86e205d06086b6cf434c,5000.0,5000.0,5000.0,5000.0,5000.0,5000.0,5000.0,5000.0,5000.0,5000.0,5000.0
hitag2-8-60-0-0xdcdbc8bf368ee73-37.cnf,6a5255ba747fda42385aa05246a2e547,5000.0,5000.0,5000.0,5000.0,5000.0,5000.0,5000.0,5000.0,5000.0,5000.0,5000.0
arcfour_initialPermutation_6_24.cnf,bed80a314b64134e49dd5961834beb4d,5000.0,5000.0,5000.0,5000.0,5000.0,5000.0,5000.0,5000.0,5000.0,5000.0,5000.0
beempgsol2b1.cnf,de7b5a6e3d1bd3b9bba95b9e04a1bea1,5000.0,5000.0,5000.0,108.882,5000.0,98.0111,5000.0,122.66,105.001,200.694,5000.0
hitag2-8-60-0-0xa3b8497b8aad6d7-42.cnf,b4ee341ad808f2644dcdfb00d944fc03,5000.0,5000.0,5000.0,5000.0,5000.0,5000.0,5000.0,5000.0,5000.0,5000.0,5000.0
arcfour_initialPermutation_6_15.cnf,d6edfb3ba5831c9ea6c952175d4d4809,1069.91,1068.24,794.158,1005.28,2504.41,904.557,759.097,859.29,1048.03,994.024,802.742
arcfour_initialPermutation_6_40.cnf,31743001e16b6e164f0fd54bb1facb65,5000.0,5000.0,5000.0,5000.0,5000.0,5000.0,5000.0,5000.0,5000.0,5000.0,5000.0
arcfour_initialPermutation_6_14.cnf,4ee0eadfdf7df4b199b4080bd84f9235,528.002,539.473,398.948,451.557,1240.78,438.15,379.42,520.81,524.67,528.669,400.545
arcfour_initialPermutation_6_64.cnf,a53911f9eecf57f3cc2e54a74a22ff99,5000.0,5000.0,5000.0,5000.0,5000.0,5000.0,5000.0,5000.0,5000.0,5000.0,5000.0
dated-5-19-u.cnf,3be331331884289c55e55acdeed55dc7,5000.0,5000.0,5000.0,5000.0,5000.0,5000.0,5000.0,5000.0,5000.0,5000.0,5000.0
bob12s04.cnf,a7bd06f6d475655b73ad1a8f15d9a566,3974.73,5000.0,554.397,5000.0,5000.0,5000.0,5000.0,976.641,635.119,929.999,649.116
hitag2-8-60-0-0xb2021557d918860-94.cnf,1b81e621ed8f53344c5cf5bcf85cb4de,5000.0,5000.0,5000.0,5000.0,5000.0,5000.0,5000.0,5000.0,5000.0,5000.0,5000.0
maxor128.cnf,e050fe11c7c50ba82ac7126f49db3c10,4872.16,4439.86,5000.0,5000.0,5000.0,3619.82,5000.0,5000.0,5000.0,5000.0,5000.0
maxxor032.cnf,e1a6f3a7c69cc7fbec84aac478eb151a,826.005,371.544,4215.32,59.5949,5000.0,47.8367,662.894,166.08,172.151,267.716,5000.0
maxxor064.cnf,902b28046d424b16042ca612ddad48e0,5000.0,5000.0,5000.0,2032.07,5000.0,1172.51,5000.0,2770.03,989.594,2806.27,5000.0
6s103.cnf,cc9b5c12434644017aea4b04e2d88a8a,5000.0,5000.0,5000.0,5000.0,5000.0,5000.0,5000.0,5000.0,5000.0,5000.0,5000.0
AProVE07-03.cnf,8c77a392a867268ecc0719c3f8c74f13,1594.41,1610.61,1366.86,1203.03,5000.0,986.636,436.855,198.987,394.578,216.18,1846.07
velev-vliw-uns-4.0-9.cnf,0c9a15d0f561e9d1bb438b04ae3c31af,163.567,224.297,625.087,612.71,5000.0,274.765,343.293,136.687,124.088,416.438,5000.0
6s20.cnf,689a7b68f4b625b382e197fd942984cf,2930.14,3128.2,5000.0,3436.86,5000.0,2941.45,5000.0,3082.25,3998.65,4114.44,5000.0
bob12m06.cnf,6db02f0bedf1a4caeadf2eb6379ba0d8,5000.0,5000.0,5000.0,5000.0,5000.0,5000.0,5000.0,4759.43,2955.01,3047.09,5000.0
6s19.cnf,6d6ea0b1f1ea02616a3d7384af6eed39,2683.13,2220.79,5000.0,1252.94,5000.0,1119.45,5000.0,416.847,682.506,514.904,5000.0
hitag2-7-60-0-0xe8fa35372ed37e2-80.cnf,461d9c5e67bb74c72dfce3dba4eb95ab,5000.0,5000.0,5000.0,5000.0,5000.0,5000.0,5000.0,5000.0,5000.0,5000.0,5000.0
bob12m06.cnf,94225ea9deb2ccc903fa0924fb525604,5000.0,5000.0,5000.0,5000.0,5000.0,5000.0,5000.0,2903.94,2682.49,2820.28,5000.0
pb_400_03_lb_05.cnf,4d83f156f9efd1888ab96bbdbd99064f,179.335,134.753,5000.0,194.272,5000.0,124.367,215.038,73.3668,289.719,164.713,877.069
gus-md5-11.cnf,ef12e784fe394de4126960bcf93ce7c7,5000.0,5000.0,2369.28,3499.43,5000.0,2774.21,5000.0,5000.0,5000.0,5000.0,2455.76
bob12s06.cnf,eef8c1a6df2eb38a7738ccc702be6bda,5000.0,5000.0,5000.0,5000.0,5000.0,5000.0,5000.0,2799.38,3074.33,3928.09,5000.0
bob12s02.cnf,0fb2494b397296cc706e5b20d7a79122,5000.0,5000.0,5000.0,5000.0,5000.0,5000.0,5000.0,758.545,5000.0,959.295,5000.0
bob12s06.cnf,952d1a9274fe8625dff0e5e6d80e4a0d,5000.0,5000.0,5000.0,5000.0,5000.0,5000.0,5000.0,2886.1,2844.69,2950.75,5000.0
hitag2-7-60-0-0x39ff85d4ef127de-52.cnf,0d89eced4fcac720430d1f4de9fda14d,5000.0,5000.0,5000.0,5000.0,5000.0,5000.0,5000.0,5000.0,5000.0,5000.0,5000.0
6s139.cnf,3af2030c8c40427bf22141a6cb78c2c5,4270.36,5000.0,3276.64,4949.37,5000.0,5000.0,4471.82,5000.0,4414.31,5000.0,3014.21
hitag2-7-60-0-0x5f8ec0ffa4b15c6-25.cnf,fd16fc7a1545cb4753ae020df57b6bd4,5000.0,5000.0,5000.0,5000.0,5000.0,5000.0,5000.0,5000.0,5000.0,5000.0,5000.0
hitag2-7-60-0-0xe97b5f1bee04d70-47.cnf,68726b5faa7075d7d888a3066ef06fd8,5000.0,5000.0,5000.0,5000.0,5000.0,5000.0,5000.0,5000.0,5000.0,5000.0,5000.0
11pipe_11_ooo.cnf,f603f11fbfe855df381282b7bce010ea,5000.0,5000.0,5000.0,3724.67,5000.0,2898.66,5000.0,5000.0,5000.0,5000.0,5000.0
hitag2-10-60-0-0xa04d664a73eac4d-66.cnf,01aca16b935575068eaddec12d081eaa,5000.0,5000.0,5000.0,5000.0,5000.0,5000.0,5000.0,5000.0,5000.0,5000.0,5000.0
hitag2-10-60-0-0x8edc44db7837bbf-65.cnf,6deaeb073bc9c41597efe8389ae520e0,5000.0,5000.0,5000.0,5000.0,5000.0,5000.0,5000.0,5000.0,5000.0,5000.0,5000.0
hitag2-10-60-0-0xfee9637399d85a2-78.cnf,b54a49d3d999a4594e18c345e70b4361,5000.0,5000.0,5000.0,5000.0,5000.0,5000.0,5000.0,5000.0,5000.0,5000.0,5000.0
hitag2-10-60-0-0xe6754daf48162bf-46.cnf,dbff77d9e0cb9f723b001740889dd410,5000.0,5000.0,5000.0,5000.0,5000.0,5000.0,5000.0,5000.0,5000.0,5000.0,5000.0
AProVE07-27.cnf,29bcd837c2712d44bc41845c08842226,1008.44,1007.59,1033.89,1877.59,5000.0,2051.82,5000.0,709.447,703.906,729.2,2292.2
E00N23.cnf,1a1f0dddf727883e0973677dd00e9269,5000.0,5000.0,5000.0,5000.0,5000.0,5000.0,5000.0,4817.23,5000.0,5000.0,5000.0
E00X23.cnf,9cec6483d4ca03e8555377ba059b61ae,5000.0,5000.0,5000.0,5000.0,5000.0,5000.0,5000.0,3186.43,4499.74,4514.58,5000.0
minxorminand128.cnf,a551844fb6a7f35cf6025d0a525ca14e,2551.14,2054.89,3650.07,5000.0,5000.0,5000.0,5000.0,5000.0,3758.27,5000.0,2770.26
hitag2-10-60-0-0x2201a94920a2d2e-8.cnf,c0e2aaaa9d438c3cde8d3f7bf194598d,5000.0,5000.0,5000.0,5000.0,5000.0,5000.0,5000.0,5000.0,5000.0,5000.0,5000.0
SAT_dat.k80.cnf,274a37aa2ba35f97a64c9a4abc4e2887,5000.0,5000.0,5000.0,5000.0,5000.0,5000.0,5000.0,5000.0,5000.0,5000.0,5000.0
hitag2-10-60-0-0xac23f1205f76343-96.cnf,b70b71a00f018c40ee8dd7662ca7dceb,5000.0,5000.0,5000.0,5000.0,5000.0,5000.0,5000.0,5000.0,5000.0,5000.0,5000.0
ctl_4291_567_11_unsat_pre.cnf,6b0e3f91a5898256b5fe6d23163fd1c9,5000.0,5000.0,5000.0,5000.0,5000.0,5000.0,5000.0,5000.0,5000.0,5000.0,5000.0
dated-5-13-u.cnf,45ee13b66821e6c36f3e38be418fa121,5000.0,5000.0,5000.0,5000.0,5000.0,5000.0,5000.0,5000.0,5000.0,5000.0,5000.0
dated-10-13-u.cnf,c10a1a201bfe26fc1d15892100d7fabd,1237.62,1184.7,811.358,403.147,2711.22,337.906,5000.0,542.86,386.746,843.729,986.847
pb_300_04_lb_06.cnf,70588b906ab53a44a8c419eb4f899fee,414.946,491.521,5000.0,100.601,5000.0,103.908,180.759,162.872,391.695,469.176,5000.0
10pipe_k.cnf,472f0bf494ff6f4ada071ae53908bded,5000.0,5000.0,5000.0,930.626,5000.0,622.05,778.593,1530.57,5000.0,1616.22,5000.0
9pipe_k.cnf,e1a8a4ccb71d4f3450d915674cab8eb9,401.573,456.196,260.065,396.188,1142.84,253.407,230.13,256.148,955.524,5000.0,706.733
8pipe_k.cnf,fb37ea12df01c47c903e00336d3448f6,3097.51,5000.0,1890.96,513.815,5000.0,224.348,208.13,203.332,5000.0,5000.0,5000.0
7pipe_k.cnf,bfa57bb962fb5c80635cfb3b84bbd22e,934.186,3045.1,1382.11,220.57,5000.0,77.5242,83.1674,1028.03,5000.0,1428.57,5000.0
10pipe_q0_k.cnf,79941071560dae54d0cb5c1220e3ba9b,5000.0,5000.0,1583.74,438.628,5000.0,253.28,278.199,334.571,3625.03,5000.0,5000.0
11pipe_q0_k.cnf,3d2a57ecbdb4f6b63e32b161d7da83ff,5000.0,5000.0,2861.01,598.745,5000.0,428.823,492.266,491.805,1987.76,5000.0,5000.0
8pipe_q0_k.cnf,c82ea6bf26d56fc842649764c2fa67be,3569.6,5000.0,294.68,191.353,5000.0,97.4842,82.3545,205.673,1813.29,1390.06,5000.0
hitag2-10-60-0-0xdf7fa6426edec07-17.cnf,2c7e0cca7c8d52ec8c006ea94a2f83f5,5000.0,5000.0,5000.0,5000.0,5000.0,5000.0,5000.0,5000.0,5000.0,5000.0,5000.0
pb_200_05_lb_00.cnf,45c4707451faa7664f89827b8f287fad,268.758,320.161,5000.0,117.27,5000.0,70.6463,128.362,54.4827,128.886,161.302,3202.87
pb_200_10_lb_15.cnf,ad47cf5e54ef2602508ef66e1b4eedd6,197.184,168.1,5000.0,71.9911,5000.0,63.2364,72.045,39.296,68.9785,111.141,5000.0
minxor128.cnf,10b48467ea3d951975cb9264f0b654fe,288.062,173.384,493.512,1202.53,5000.0,2215.1,5000.0,251.303,239.829,267.317,995.666
pb_400_03_lb_07.cnf,4fcb16b86dca3d560020dbce9cd5fdfe,249.412,337.888,5000.0,394.214,5000.0,289.825,645.137,141.14,454.05,247.659,1020.3
pb_300_10_lb_06.cnf,bf994c766729d1c6fcc771291fdde511,70.0394,59.389,5000.0,81.0967,5000.0,54.9836,245.173,51.2842,104.384,58.0922,329.013
pb_300_04_lb_05.cnf,a64e998696b188189301118d467fbe30,88.2526,102.163,1123.52,77.8922,5000.0,48.5276,83.5593,33.5569,138.25,125.813,497.13
pb_300_05_lb_11.cnf,ad86b0a03cfaa4d2ae2f1ac2efc5ef04,597.076,404.99,5000.0,2285.65,5000.0,2456.11,5000.0,299.481,416.983,319.569,3302.47
p01_lb_05.cnf,5ae5f2dd01531f1fcf5bdb22bb8f0d20,200.792,180.507,979.425,37.8122,5000.0,50.5993,47.8287,20.7128,54.9226,29.6655,201.266
pb_400_09_lb_02.cnf,e22875fadec2a8e9b80784433bd842a0,70.0374,85.263,1796.28,87.3557,5000.0,135.589,154.548,68.3306,246.608,91.3871,122.136
pb_200_03_lb_01.cnf,45856fa1c0551bee182ad770c6c630f5,254.777,231.077,1519.31,215.879,5000.0,234.496,5000.0,124.034,266.317,165.352,687.456
SAT_dat.k65.cnf,e98679e9ca14c8efe61801a0fcff067d,5000.0,5000.0,5000.0,5000.0,5000.0,5000.0,1768.63,4669.5,4050.78,5000.0,5000.0
hitag2-10-60-0-0xe14721bd199894a-99.cnf,b0660b63322faca9d4f15768c053f4ce,5000.0,5000.0,5000.0,5000.0,5000.0,5000.0,5000.0,5000.0,5000.0,5000.0,5000.0
pb_200_03_lb_02.cnf,fe46231aeb971484e4629968e592cd86,1784.57,1295.02,3335.02,340.644,5000.0,323.14,5000.0,132.794,455.996,185.826,1010.89
hitag2-10-60-0-0xb7b72dfef34c17b-39.cnf,6a2df4cc1449e232eed53898f4b1d68d,5000.0,5000.0,5000.0,5000.0,5000.0,5000.0,5000.0,5000.0,5000.0,5000.0,5000.0
pb_400_09_lb_04.cnf,1ccd376320f6c4099276cb6eeeb1ab16,606.329,402.233,5000.0,520.596,5000.0,567.362,1269.18,247.846,1391.06,5000.0,5000.0
hitag2-10-60-0-0xbc15b17d0353413-10.cnf,cc8cb7d7dcc7a7a4b700f51963a9f808,5000.0,5000.0,5000.0,5000.0,5000.0,5000.0,5000.0,4823.75,5000.0,5000.0,5000.0
hitag2-10-60-0-0xa360966c6eb75c4-62.cnf,9dcd6a61aea4a8e717254ffb85647144,5000.0,5000.0,5000.0,5000.0,5000.0,5000.0,5000.0,5000.0,5000.0,5000.0,5000.0
pb_400_09_lb_03.cnf,4fb52fca19ef884a8b6969232f9f8b97,164.966,184.034,4837.16,338.219,5000.0,329.676,328.389,94.8786,387.191,166.974,641.103
countbitssrl032.cnf,5bb6e70c95bda454f634cd586084908b,988.605,820.54,636.137,429.436,5000.0,267.065,510.207,435.647,251.301,551.189,1411.86
bivium-39-200-0s0-0x28df9231b320bd56dfb68bfc7c3f0ca20dbae6b0eba535ad91-98.cnf,eb8b99f8e2cdbee66eaf4ea8419e75f5,5000.0,5000.0,5000.0,5000.0,5000.0,5000.0,5000.0,5000.0,5000.0,5000.0,5000.0
bivium-39-200-0s0-0x5fa955de2b4f64d00226837d226c955de4566ce95f660180d7-30.cnf,d86dacf24a85f1fb713a14e29fdd2ad3,5000.0,5000.0,5000.0,5000.0,5000.0,5000.0,5000.0,5000.0,5000.0,5000.0,5000.0
bivium-39-200-0s0-0xdcfb6ab71951500b8e460045bd45afee15c87e08b0072eb174-43.cnf,a2de7ecb3149f61c2513bce2556f5acc,5000.0,5000.0,5000.0,5000.0,5000.0,5000.0,5000.0,5000.0,5000.0,5000.0,5000.0
6s137.cnf,71c614b6f032a2f12dc38b17980447ad,5000.0,5000.0,1998.77,5000.0,5000.0,5000.0,4687.08,5000.0,5000.0,5000.0,2700.18
gus-md5-08.cnf,bf371ee8533d9890061ee05552bf96f1,258.717,163.995,103.62,185.739,2902.53,184.841,168.554,256.194,267.869,362.244,112.68
6s166.cnf,d87ac44eb97ddcaee2885f6c13e85a3d,5000.0,5000.0,371.191,60.2048,5000.0,54.7697,5000.0,175.148,258.019,124.63,1238.28
ACG-20-5p0.cnf,5e956ccef0af80a5902eec4f20a58f83,1013.77,1668.66,2661.47,409.103,4151.55,346.729,858.147,389.166,786.074,2029.43,1703.55
UTI-20-10p0.cnf,209f7789e3588d11f275f2003f2c6a67,1588.79,1642.68,3945.51,696.709,5000.0,619.157,1404.86,716.99,794.115,1063.12,2843.36
maxor064.cnf,1b9f66ce669cbbf957e744e9391cf971,97.7371,96.8903,306.654,193.406,5000.0,153.513,300.739,233.642,242.04,288.718,1871.93
bivium-39-200-0s0-0x163b785faa4bfb1b3b894a9206768a6c3d5d6f038b3797c4c2-99.cnf,1400db6093770839163f38a753b0a20c,5000.0,5000.0,5000.0,5000.0,5000.0,5000.0,5000.0,5000.0,5000.0,5000.0,5000.0
ACG-15-10p0.cnf,d8dd0726277891eae9a2807dfd8946db,1426.65,1156.87,2133.85,715.108,5000.0,688.409,953.287,1138.26,822.526,2144.63,934.544
bob12m04.cnf,221247dd9b625ab6ef104f151f99f450,4700.67,5000.0,101.726,5000.0,5000.0,5000.0,3756.56,148.247,165.056,234.985,111.506
bivium-39-200-0s0-0x53e7622aad02b083b53dcd6a4a76f54a150ceb996ea1dfa300-63.cnf,a2fa71375a40959c943fd51fff0734e5,5000.0,5000.0,5000.0,5000.0,5000.0,5000.0,5000.0,5000.0,5000.0,5000.0,5000.0
bivium-39-200-0s0-0x1b770901581bbb2863c83835583d7ce4e1fafd907076320542-34.cnf,bef254c57046df26a58922faf53bd464,5000.0,5000.0,5000.0,5000.0,5000.0,5000.0,5000.0,5000.0,5000.0,5000.0,5000.0
AProVE07-02.cnf,4091fe387de1d8dc081a8ac19da38bdb,429.874,507.02,952.236,443.352,770.296,367.977,237.745,411.747,394.402,481.507,685.713
6s165.cnf,354e1fffa4af99470dcb0ad940b8e7bb,5000.0,5000.0,229.049,18.5902,5000.0,20.1049,5000.0,69.2715,129.747,5000.0,1023.17
6s153.cnf,54348e9192048135db0be22864d20c58,78.2031,213.211,5000.0,5000.0,5000.0,5000.0,5000.0,90.6362,378.631,106.194,5000.0
6s9.cnf,f54470bb4dfb69405565690000e6ad0d,2221.03,1785.64,5000.0,1206.32,5000.0,1031.09,5000.0,382.556,787.22,670.293,5000.0
6s126.cnf,31dc7c0e4b44b910921e279423c0ab43,534.778,5000.0,5000.0,5000.0,5000.0,5000.0,5000.0,5000.0,2342.42,5000.0,5000.0
6s133.cnf,87011213a5f53bb556d2e43776b67802,1975.65,1554.86,5000.0,820.363,5000.0,882.005,5000.0,352.887,353.352,453.126,5000.0
9dlx_vliw_at_b_iq4.cnf,6fcbaf8c6c7ed0c41d8ac12258cafaee,500.972,675.214,5000.0,460.339,5000.0,241.609,348.615,320.686,510.519,490.264,5000.0
dated-10-11-u.cnf,696c4f91b3f887adc571cf2a229f67b7,1006.2,1395.74,1814.64,379.447,5000.0,293.004,5000.0,626.192,242.09,739.05,2486.09
6s139.cnf,ed6052d7ff9094ceca2340e6f2abf5af,4806.21,5000.0,2809.1,5000.0,5000.0,5000.0,4667.86,5000.0,4952.92,5000.0,2423.05
beempgsol5b1.cnf,b7d7cc3ee4e6e066c15c34f841c0e961,4359.5,4744.48,5000.0,125.744,5000.0,106.253,5000.0,112.349,135.117,161.53,3625.61
ctl_4291_567_10_unsat.cnf,605552b8a4c3682ea141de557f284722,1006.01,1034.62,1273.42,1225.92,5000.0,1272.5,5000.0,440.512,549.725,639.13,978.288
SAT_dat.k85.cnf,5039894e4acfbd347d86db1e0b40801e,5000.0,5000.0,5000.0,5000.0,5000.0,5000.0,5000.0,5000.0,5000.0,5000.0,5000.0
SAT_dat.k100.cnf,eee4630cdd1939510afc0bd0396af539,5000.0,5000.0,5000.0,5000.0,5000.0,5000.0,5000.0,5000.0,5000.0,5000.0,5000.0
aaai10-planning-ipc5-pipesworld-12-step15.cnf,86980f7370ece00291f2970256db731a,499.84,439.929,239.854,121.87,5000.0,158.834,297.527,183.295,210.46,277.047,678.845
bivium-40-200-0s0-0x66b619d7b8e447710bf43b794ded6cfaf1e75bb8a947e14c78-50.cnf,6ab7d7e8f60884823e31b3061b1a8799,5000.0,5000.0,5000.0,5000.0,5000.0,5000.0,5000.0,5000.0,5000.0,4659.39,5000.0
UR-20-5p0.cnf,782c70d5631cbc24bc659543ee69ca8b,695.042,868.979,1601.54,403.103,5000.0,412.427,901.082,680.977,550.431,974.789,1319.45
UR-15-10p0.cnf,a860cf613d4e0cb34c00f8b79611121d,751.397,889.738,1960.81,536.388,5000.0,543.491,810.661,543.503,764.941,1060.96,917.617
ctl_4291_567_2_unsat_pre.cnf,716543d904be1c6f399d65f1fd25095a,3257.89,2859.36,3185.97,2668.38,5000.0,3060.68,5000.0,1084.75,1311.99,1178.07,2571.92
ctl_4291_567_9_unsat.cnf,f950dafee8bd3d3f346b72510ee9f41f,799.664,876.008,755.898,905.489,5000.0,772.708,5000.0,443.328,470.44,545.815,744.36
ctl_4291_567_7_unsat.cnf,c1284e57481ce089e620925053b2eb40,1025.68,741.988,780.553,837.329,2324.49,777.027,5000.0,426.162,476.99,528.063,687.413
ctl_4291_567_9_unsat_pre.cnf,ae874a94389bac3313e1fd89869014c9,758.145,702.646,891.732,1121.93,5000.0,1219.09,5000.0,433.348,483.347,644.168,785.537
ctl_4291_567_12_unsat_pre.cnf,fe434a0137486571f66e465d19661a10,899.267,992.471,788.835,697.942,3102.11,601.589,896.827,546.943,672.45,604.366,699.722
k_unsat.cnf,173e4ee64c1de40066386509dff5d0f1,5000.0,5000.0,5000.0,5000.0,5000.0,5000.0,5000.0,5000.0,5000.0,5000.0,5000.0
ctl_4201_555_unsat.cnf,fa717e15e25e92a04c4f2ed10d210187,1838.17,2512.44,2997.99,2173.34,5000.0,2361.26,5000.0,793.166,865.809,941.427,1912.82
ctl_4201_555_unsat_pre.cnf,c575a5fb69f0d1d6884ba588b9078f4b,3719.66,3195.23,4020.28,2618.79,5000.0,2724.78,5000.0,763.606,995.237,1201.24,2715.12
bivium-40-200-0s0-0xd447c33176b6b675fd5f8dc3a5deda46569dc34eedf37da020-6.cnf,7955e187694db576fdfbb3b07b99ff39,5000.0,5000.0,2714.86,5000.0,5000.0,5000.0,5000.0,2534.96,5000.0,2864.95,3888.19
ctl_3082_415_unsat.cnf,1b1bb970cddedf332a556c40d7de3284,5000.0,2335.97,3002.83,2587.77,5000.0,2182.16,5000.0,682.918,902.499,954.885,2699.24
ctl_4291_567_7_unsat_pre.cnf,bc173345c2bf46326769a4766eaf6cbc,847.174,876.285,1207.84,1132.8,5000.0,1284.93,5000.0,439.343,516.186,587.221,762.577
b_unsat.cnf,c40cad77d14e171e1134e128a4ad365b,2290.17,2011.24,1413.85,1460.61,4198.56,1250.5,5000.0,942.453,1228.6,920.806,1907.16
minxorminand064.cnf,1394bf507e3ed448c81b5502d6550d78,141.28,110.576,122.635,253.771,3398.01,325.69,800.412,187.211,192.737,217.222,88.9665
6s20.cnf,c9bbf6fea41b040469d7001ffccee37d,2744.9,2777.52,5000.0,3711.07,5000.0,3971.59,5000.0,2292.11,3140.25,2870.66,5000.0
ctl_4291_567_1_unsat.cnf,773d418074b6b9509b6bb687d89efe2e,5000.0,5000.0,2092.73,2609.38,5000.0,2793.98,5000.0,766.808,970.515,911.371,2438.93
bivium-40-200-0s0-0x92fc13b11169afbb2ef11a684d9fe9a19e743cd6aa5ce23fb5-19.cnf,0ae3a2a95f1bc240aef89572f47d88ca,5000.0,5000.0,4056.06,5000.0,5000.0,5000.0,5000.0,5000.0,4572.76,5000.0,5000.0
ctl_4291_567_1_unsat_pre.cnf,46ad5632615418a443775fc79840f004,5000.0,3697.55,5000.0,2443.71,5000.0,2245.94,5000.0,847.451,1202.16,1125.33,2821.89
ctl_4291_567_6_unsat.cnf,aacb9e1008a2dba331f390d59a27ed60,5000.0,5000.0,5000.0,5000.0,5000.0,5000.0,5000.0,5000.0,5000.0,5000.0,5000.0
minandmaxor128.cnf,5b2e2178738883a628728bb1ec39f4a9,2778.85,2812.49,5000.0,4261.09,5000.0,4592.08,5000.0,5000.0,5000.0,5000.0,5000.0
ctl_3082_415_unsat_pre.cnf,53e39ded520c9bd4471660021b2dcccc,2621.1,2269.92,2980.83,2217.91,5000.0,2772.37,5000.0,685.914,840.737,863.544,3722.56
ctl_4291_567_12_unsat.cnf,1ce37abcbb8439542001e09f48e54841,805.847,990.194,653.419,423.89,2496.89,500.996,1221.09,631.431,521.141,630.743,798.483
b_unsat_pre.cnf,d803299a1a472130cc997311f1f0cf08,1415.57,1343.81,1131.72,760.15,2407.8,688.338,5000.0,576.906,687.059,657.964,1248.23
ctl_4291_567_10_unsat_pre.cnf,b5f5d7fc9b2cef76046f0bd9d7ceb39a,1022.79,946.259,1269.58,1214.98,5000.0,1356.8,5000.0,548.041,620.563,746.794,966.109
ctl_4291_567_6_unsat_pre.cnf,6f0605ff0e448a47eaed348d55a16bc4,5000.0,5000.0,5000.0,5000.0,5000.0,5000.0,5000.0,5000.0,5000.0,5000.0,5000.0
ctl_4291_567_2_unsat.cnf,811f9b879a56da7c9475ed451490ead2,2168.49,2811.71,3922.83,4013.35,5000.0,2962.41,5000.0,934.485,1141.54,1176.3,3239.88
ctl_4291_567_8_unsat_pre.cnf,f8bd6fca4bd2adaaa64cc40b82565e2b,5000.0,5000.0,5000.0,5000.0,5000.0,5000.0,5000.0,5000.0,5000.0,5000.0,5000.0
ctl_4291_567_8_unsat.cnf,9e9509e53f24c36ad7cf4d2124b3c979,5000.0,5000.0,5000.0,5000.0,5000.0,5000.0,5000.0,5000.0,5000.0,5000.0,5000.0
ctl_4291_567_5_unsat.cnf,ec0b603035b374a0325d8e4748c17b67,5000.0,5000.0,5000.0,5000.0,5000.0,5000.0,5000.0,5000.0,5000.0,5000.0,5000.0
aaai10-planning-ipc5-pathways-17-step20.cnf,8f0e3738453893efc8a2d1abcf0d190d,448.155,798.381,509.318,124.222,5000.0,169.468,5000.0,469.491,394.904,465.39,1991.26
ctl_3791_556_unsat.cnf,b07ffb3e91c0ceac55a5845e73cb7377,5000.0,5000.0,5000.0,5000.0,5000.0,5000.0,5000.0,5000.0,5000.0,5000.0,5000.0
ctl_4291_567_11_unsat.cnf,33022bb0cc379a2c3035f0b59b75c41b,5000.0,5000.0,5000.0,5000.0,5000.0,5000.0,5000.0,5000.0,5000.0,5000.0,5000.0
aaai10-planning-ipc5-TPP-21-step11.cnf,00d93f117a3253605ad3ac6a153ec61f,2637.26,2536.32,5000.0,412.128,5000.0,403.155,5000.0,1310.85,1226.28,1383.04,5000.0
aaai10-planning-ipc5-pathways-13-step17.cnf,e7acb1f64be7eb3ff1367dad08444685,1847.07,1537.51,866.22,139.034,5000.0,136.5,5000.0,459.689,712.541,605.587,2126.48
